[INFO] Scanning for projects...
[INFO] 
[INFO] --------------------< com.smartattendance:backend >---------------------
[INFO] Building Smart Attendance Backend 0.0.1-SNAPSHOT
[INFO]   from pom.xml
[INFO] --------------------------------[ jar ]---------------------------------
[INFO] 
[INFO] >>> spring-boot:4.1.0:run (default-cli) > test-compile @ backend >>>
[INFO] 
[INFO] --- resources:3.5.0:resources (default-resources) @ backend ---
[INFO] Copying 1 resource from src\main\resources to target\classes
[INFO] Copying 0 resource from src\main\resources to target\classes
[INFO] 
[INFO] --- compiler:3.15.0:compile (default-compile) @ backend ---
[INFO] Nothing to compile - all classes are up to date.
[INFO] 
[INFO] --- resources:3.5.0:testResources (default-testResources) @ backend ---
[INFO] skip non existing resourceDirectory D:\Mini Project\attendance-system\backend\src\test\resources
[INFO] 
[INFO] --- compiler:3.15.0:testCompile (default-testCompile) @ backend ---
[INFO] Nothing to compile - all classes are up to date.
[INFO] 
[INFO] <<< spring-boot:4.1.0:run (default-cli) < test-compile @ backend <<<
[INFO] 
[INFO] 
[INFO] --- spring-boot:4.1.0:run (default-cli) @ backend ---
[INFO] Attaching agents: []

  .   ____          _            __ _ _
 /\\ / ___'_ __ _ _(_)_ __  __ _ \ \ \ \
( ( )\___ | '_ | '_| | '_ \/ _` | \ \ \ \
 \\/  ___)| |_)| | | | | || (_| |  ) ) ) )
  '  |____| .__|_| |_|_| |_\__, | / / / /
 =========|_|==============|___/=/_/_/_/

 :: Spring Boot ::                (v4.1.0)

2026-09-01T02:17:46.343+05:30  INFO 16648 --- [backend] [           main] c.s.backend.BackendApplication           : Starting BackendApplication using Java 17.0.12 with PID 16648 (D:\Mini Project\attendance-system\backend\target\classes started by sambi in D:\Mini Project\attendance-system\backend)
2026-09-01T02:17:46.353+05:30  INFO 16648 --- [backend] [           main] c.s.backend.BackendApplication           : No active profile set, falling back to 1 default profile: "default"
2026-09-01T02:17:47.054+05:30  INFO 16648 --- [backend] [           main] .s.d.r.c.RepositoryConfigurationDelegate : Bootstrapping Spring Data JPA repositories in DEFAULT mode.
2026-09-01T02:17:47.125+05:30  INFO 16648 --- [backend] [           main] .s.d.r.c.RepositoryConfigurationDelegate : Finished Spring Data repository scanning in 63 ms. Found 7 JPA repository interfaces.
2026-09-01T02:17:47.704+05:30  INFO 16648 --- [backend] [           main] o.s.boot.tomcat.TomcatWebServer          : Tomcat initialized with port 8080 (http)
2026-09-01T02:17:47.719+05:30  INFO 16648 --- [backend] [           main] o.apache.catalina.core.StandardService   : Starting service [Tomcat]
2026-09-01T02:17:47.719+05:30  INFO 16648 --- [backend] [           main] o.apache.catalina.core.StandardEngine    : Starting Servlet engine: [Apache Tomcat/11.0.22]
2026-09-01T02:17:47.808+05:30  INFO 16648 --- [backend] [           main] b.w.c.s.WebApplicationContextInitializer : Root WebApplicationContext: initialization completed in 1395 ms
2026-09-01T02:17:47.972+05:30  INFO 16648 --- [backend] [           main] org.hibernate.orm.jpa                    : HHH008540: Processing PersistenceUnitInfo [name: default]
2026-09-01T02:17:48.050+05:30  INFO 16648 --- [backend] [           main] org.hibernate.orm.core                   : HHH000001: Hibernate ORM core version 7.4.1.Final
2026-09-01T02:17:48.542+05:30  INFO 16648 --- [backend] [           main] o.s.o.j.p.SpringPersistenceUnitInfo      : No LoadTimeWeaver setup: ignoring JPA class transformer
2026-09-01T02:17:48.580+05:30  INFO 16648 --- [backend] [           main] com.zaxxer.hikari.HikariDataSource       : HikariPool-1 - Starting...
2026-09-01T02:17:48.762+05:30  INFO 16648 --- [backend] [           main] com.zaxxer.hikari.pool.HikariPool        : HikariPool-1 - Added connection com.mysql.cj.jdbc.ConnectionImpl@45311a99
2026-09-01T02:17:48.765+05:30  INFO 16648 --- [backend] [           main] com.zaxxer.hikari.HikariDataSource       : HikariPool-1 - Start completed.
2026-09-01T02:17:48.827+05:30  WARN 16648 --- [backend] [           main] org.hibernate.orm.core                   : HHH000511: The 5.5.5 version for [org.hibernate.dialect.MySQLDialect] is no longer supported, hence certain features may not work properly.The minimum supported version is 8.0.0. Check the community dialects project for available legacy versions.
2026-09-01T02:17:48.852+05:30  INFO 16648 --- [backend] [           main] org.hibernate.orm.connections.pooling    : HHH10001005: Database info:
	Database JDBC URL [jdbc:mysql://localhost:3306/attendance_system]
	Database driver: MySQL Connector/J
	Database dialect: MySQLDialect
	Database version: 5.5.5
	Default catalog/schema: attendance_system/undefined
	Autocommit mode: undefined/unknown
	Isolation level: REPEATABLE_READ [default REPEATABLE_READ]
	JDBC fetch size: none
	Pool: DataSourceConnectionProvider
	Minimum pool size: undefined/unknown
	Maximum pool size: undefined/unknown
2026-09-01T02:17:50.120+05:30  INFO 16648 --- [backend] [           main] org.hibernate.orm.core                   : HHH000489: No JTA platform available (set 'hibernate.transaction.jta.platform' to enable JTA platform integration)
2026-09-01T02:17:50.324+05:30  INFO 16648 --- [backend] [           main] j.LocalContainerEntityManagerFactoryBean : Initialized JPA EntityManagerFactory for persistence unit 'default'
2026-09-01T02:17:50.385+05:30  INFO 16648 --- [backend] [           main] o.s.d.j.r.query.QueryEnhancerFactories   : Hibernate is in classpath; If applicable, HQL parser will be used.
2026-09-01T02:17:50.890+05:30  WARN 16648 --- [backend] [           main] .s.a.UserDetailsServiceAutoConfiguration : 

Using generated security password: 5bdfccec-62f4-4e42-91a2-c300c60f8a92

This generated password is for development use only. Your security configuration must be updated before running your application in production.

2026-09-01T02:17:50.897+05:30  INFO 16648 --- [backend] [           main] r$InitializeUserDetailsManagerConfigurer : Global AuthenticationManager configured with UserDetailsService bean with name inMemoryUserDetailsManager
2026-09-01T02:17:51.335+05:30  INFO 16648 --- [backend] [           main] o.s.boot.tomcat.TomcatWebServer          : Tomcat started on port 8080 (http) with context path '/'
2026-09-01T02:17:51.341+05:30  INFO 16648 --- [backend] [           main] c.s.backend.BackendApplication           : Started BackendApplication in 5.434 seconds (process running for 5.913)
Hibernate: 
    select
        u1_0.id,
        u1_0.branch,
        u1_0.created_at,
        u1_0.department,
        u1_0.device_id,
        u1_0.email,
        u1_0.last_logout_at,
        u1_0.login_blocked_until,
        u1_0.name,
        u1_0.password,
        u1_0.phone,
        u1_0.role,
        u1_0.roll_number,
        u1_0.semester,
        u1_0.updated_at 
    from
        users u1_0 
    where
        u1_0.email=?
2026-09-01T02:17:55.536+05:30  INFO 16648 --- [backend] [nio-8080-exec-1] o.a.c.c.C.[Tomcat].[localhost].[/]       : Initializing Spring DispatcherServlet 'dispatcherServlet'
2026-09-01T02:17:55.536+05:30  INFO 16648 --- [backend] [nio-8080-exec-1] o.s.web.servlet.DispatcherServlet        : Initializing Servlet 'dispatcherServlet'
2026-09-01T02:17:55.537+05:30  INFO 16648 --- [backend] [nio-8080-exec-1] o.s.web.servlet.DispatcherServlet        : Completed initialization in 1 ms
Hibernate: 
    select
        u1_0.id,
        u1_0.branch,
        u1_0.created_at,
        u1_0.department,
        u1_0.device_id,
        u1_0.email,
        u1_0.last_logout_at,
        u1_0.login_blocked_until,
        u1_0.name,
        u1_0.password,
        u1_0.phone,
        u1_0.role,
        u1_0.roll_number,
        u1_0.semester,
        u1_0.updated_at 
    from
        users u1_0 
    where
        u1_0.email=?
Hibernate: 
    select
        u1_0.id,
        u1_0.branch,
        u1_0.created_at,
        u1_0.department,
        u1_0.device_id,
        u1_0.email,
        u1_0.last_logout_at,
        u1_0.login_blocked_until,
        u1_0.name,
        u1_0.password,
        u1_0.phone,
        u1_0.role,
        u1_0.roll_number,
        u1_0.semester,
        u1_0.updated_at 
    from
        users u1_0 
    where
        u1_0.email=?
Hibernate: 
    select
        u1_0.id,
        u1_0.branch,
        u1_0.created_at,
        u1_0.department,
        u1_0.device_id,
        u1_0.email,
        u1_0.last_logout_at,
        u1_0.login_blocked_until,
        u1_0.name,
        u1_0.password,
        u1_0.phone,
        u1_0.role,
        u1_0.roll_number,
        u1_0.semester,
        u1_0.updated_at 
    from
        users u1_0
Hibernate: 
    select
        s1_0.id,
        s1_0.branch,
        s1_0.semester,
        s1_0.subject_code,
        s1_0.subject_name 
    from
        subjects s1_0
Hibernate: 
    select
        t1_0.id,
        t1_0.branch,
        t1_0.day,
        t1_0.end_time,
        t1_0.semester,
        t1_0.start_time,
        t1_0.subject_id,
        t1_0.teacher_id 
    from
        timetables t1_0
Hibernate: 
    select
        a1_0.id,
        a1_0.attendance_time,
        a1_0.geo_verified,
        a1_0.status,
        a1_0.student_id,
        a1_0.subject 
    from
        attendance a1_0
Hibernate: 
    select
        cs1_0.id,
        cs1_0.actual_ended_at,
        cs1_0.actual_started_at,
        cs1_0.branch,
        cs1_0.created_at,
        cs1_0.end_time,
        cs1_0.semester,
        cs1_0.start_time,
        cs1_0.status,
        cs1_0.subject_name,
        cs1_0.teacher_id 
    from
        class_sessions cs1_0
Hibernate: 
    select
        count(*) 
    from
        users u1_0
Hibernate: 
    select
        u1_0.id,
        u1_0.branch,
        u1_0.created_at,
        u1_0.department,
        u1_0.device_id,
        u1_0.email,
        u1_0.last_logout_at,
        u1_0.login_blocked_until,
        u1_0.name,
        u1_0.password,
        u1_0.phone,
        u1_0.role,
        u1_0.roll_number,
        u1_0.semester,
        u1_0.updated_at 
    from
        users u1_0
Hibernate: 
    select
        u1_0.id,
        u1_0.branch,
        u1_0.created_at,
        u1_0.department,
        u1_0.device_id,
        u1_0.email,
        u1_0.last_logout_at,
        u1_0.login_blocked_until,
        u1_0.name,
        u1_0.password,
        u1_0.phone,
        u1_0.role,
        u1_0.roll_number,
        u1_0.semester,
        u1_0.updated_at 
    from
        users u1_0
Hibernate: 
    select
        count(*) 
    from
        subjects s1_0
Hibernate: 
    select
        count(*) 
    from
        attendance a1_0
Hibernate: 
    select
        count(*) 
    from
        class_sessions cs1_0
Hibernate: 
    select
        u1_0.id,
        u1_0.branch,
        u1_0.created_at,
        u1_0.department,
        u1_0.device_id,
        u1_0.email,
        u1_0.last_logout_at,
        u1_0.login_blocked_until,
        u1_0.name,
        u1_0.password,
        u1_0.phone,
        u1_0.role,
        u1_0.roll_number,
        u1_0.semester,
        u1_0.updated_at 
    from
        users u1_0 
    where
        u1_0.email=?
Hibernate: 
    select
        u1_0.id,
        u1_0.branch,
        u1_0.created_at,
        u1_0.department,
        u1_0.device_id,
        u1_0.email,
        u1_0.last_logout_at,
        u1_0.login_blocked_until,
        u1_0.name,
        u1_0.password,
        u1_0.phone,
        u1_0.role,
        u1_0.roll_number,
        u1_0.semester,
        u1_0.updated_at 
    from
        users u1_0 
    where
        u1_0.email=?
Hibernate: 
    select
        u1_0.id,
        u1_0.branch,
        u1_0.created_at,
        u1_0.department,
        u1_0.device_id,
        u1_0.email,
        u1_0.last_logout_at,
        u1_0.login_blocked_until,
        u1_0.name,
        u1_0.password,
        u1_0.phone,
        u1_0.role,
        u1_0.roll_number,
        u1_0.semester,
        u1_0.updated_at 
    from
        users u1_0
Hibernate: 
    select
        s1_0.id,
        s1_0.branch,
        s1_0.semester,
        s1_0.subject_code,
        s1_0.subject_name 
    from
        subjects s1_0
Hibernate: 
    select
        t1_0.id,
        t1_0.branch,
        t1_0.day,
        t1_0.end_time,
        t1_0.semester,
        t1_0.start_time,
        t1_0.subject_id,
        t1_0.teacher_id 
    from
        timetables t1_0
Hibernate: 
    select
        a1_0.id,
        a1_0.attendance_time,
        a1_0.geo_verified,
        a1_0.status,
        a1_0.student_id,
        a1_0.subject 
    from
        attendance a1_0
Hibernate: 
    select
        cs1_0.id,
        cs1_0.actual_ended_at,
        cs1_0.actual_started_at,
        cs1_0.branch,
        cs1_0.created_at,
        cs1_0.end_time,
        cs1_0.semester,
        cs1_0.start_time,
        cs1_0.status,
        cs1_0.subject_name,
        cs1_0.teacher_id 
    from
        class_sessions cs1_0
Hibernate: 
    select
        count(*) 
    from
        users u1_0
Hibernate: 
    select
        u1_0.id,
        u1_0.branch,
        u1_0.created_at,
        u1_0.department,
        u1_0.device_id,
        u1_0.email,
        u1_0.last_logout_at,
        u1_0.login_blocked_until,
        u1_0.name,
        u1_0.password,
        u1_0.phone,
        u1_0.role,
        u1_0.roll_number,
        u1_0.semester,
        u1_0.updated_at 
    from
        users u1_0
Hibernate: 
    select
        u1_0.id,
        u1_0.branch,
        u1_0.created_at,
        u1_0.department,
        u1_0.device_id,
        u1_0.email,
        u1_0.last_logout_at,
        u1_0.login_blocked_until,
        u1_0.name,
        u1_0.password,
        u1_0.phone,
        u1_0.role,
        u1_0.roll_number,
        u1_0.semester,
        u1_0.updated_at 
    from
        users u1_0
Hibernate: 
    select
        count(*) 
    from
        subjects s1_0
Hibernate: 
    select
        count(*) 
    from
        attendance a1_0
Hibernate: 
    select
        count(*) 
    from
        class_sessions cs1_0
Hibernate: 
    select
        u1_0.id,
        u1_0.branch,
        u1_0.created_at,
        u1_0.department,
        u1_0.device_id,
        u1_0.email,
        u1_0.last_logout_at,
        u1_0.login_blocked_until,
        u1_0.name,
        u1_0.password,
        u1_0.phone,
        u1_0.role,
        u1_0.roll_number,
        u1_0.semester,
        u1_0.updated_at 
    from
        users u1_0 
    where
        u1_0.email=?
Hibernate: 
    select
        s1_0.id,
        s1_0.branch,
        s1_0.semester,
        s1_0.subject_code,
        s1_0.subject_name 
    from
        subjects s1_0 
    where
        s1_0.id=?
Hibernate: 
    select
        u1_0.id,
        u1_0.branch,
        u1_0.created_at,
        u1_0.department,
        u1_0.device_id,
        u1_0.email,
        u1_0.last_logout_at,
        u1_0.login_blocked_until,
        u1_0.name,
        u1_0.password,
        u1_0.phone,
        u1_0.role,
        u1_0.roll_number,
        u1_0.semester,
        u1_0.updated_at 
    from
        users u1_0 
    where
        u1_0.id=?
Hibernate: 
    insert 
    into
        timetables
        (branch, day, end_time, semester, start_time, subject_id, teacher_id) 
    values
        (?, ?, ?, ?, ?, ?, ?)
Hibernate: 
    select
        u1_0.id,
        u1_0.branch,
        u1_0.created_at,
        u1_0.department,
        u1_0.device_id,
        u1_0.email,
        u1_0.last_logout_at,
        u1_0.login_blocked_until,
        u1_0.name,
        u1_0.password,
        u1_0.phone,
        u1_0.role,
        u1_0.roll_number,
        u1_0.semester,
        u1_0.updated_at 
    from
        users u1_0 
    where
        u1_0.email=?
Hibernate: 
    select
        t1_0.id,
        t1_0.branch,
        t1_0.day,
        t1_0.end_time,
        t1_0.semester,
        t1_0.start_time,
        t1_0.subject_id,
        t1_0.teacher_id 
    from
        timetables t1_0 
    where
        t1_0.id=?
Hibernate: 
    select
        s1_0.id,
        s1_0.branch,
        s1_0.semester,
        s1_0.subject_code,
        s1_0.subject_name 
    from
        subjects s1_0 
    where
        s1_0.id=?
Hibernate: 
    select
        u1_0.id,
        u1_0.branch,
        u1_0.created_at,
        u1_0.department,
        u1_0.device_id,
        u1_0.email,
        u1_0.last_logout_at,
        u1_0.login_blocked_until,
        u1_0.name,
        u1_0.password,
        u1_0.phone,
        u1_0.role,
        u1_0.roll_number,
        u1_0.semester,
        u1_0.updated_at 
    from
        users u1_0 
    where
        u1_0.id=?
Hibernate: 
    select
        t1_0.id,
        t1_0.branch,
        t1_0.day,
        t1_0.end_time,
        t1_0.semester,
        t1_0.start_time,
        t1_0.subject_id,
        t1_0.teacher_id 
    from
        timetables t1_0 
    where
        t1_0.id=?
Hibernate: 
    update
        timetables 
    set
        branch=?,
        day=?,
        end_time=?,
        semester=?,
        start_time=?,
        subject_id=?,
        teacher_id=? 
    where
        id=?
Hibernate: 
    select
        u1_0.id,
        u1_0.branch,
        u1_0.created_at,
        u1_0.department,
        u1_0.device_id,
        u1_0.email,
        u1_0.last_logout_at,
        u1_0.login_blocked_until,
        u1_0.name,
        u1_0.password,
        u1_0.phone,
        u1_0.role,
        u1_0.roll_number,
        u1_0.semester,
        u1_0.updated_at 
    from
        users u1_0 
    where
        u1_0.email=?
Hibernate: 
    select
        t1_0.id,
        t1_0.branch,
        t1_0.day,
        t1_0.end_time,
        t1_0.semester,
        t1_0.start_time,
        t1_0.subject_id,
        t1_0.teacher_id 
    from
        timetables t1_0 
    where
        t1_0.id=?
Hibernate: 
    delete 
    from
        timetables 
    where
        id=?
Hibernate: 
    select
        u1_0.id,
        u1_0.branch,
        u1_0.created_at,
        u1_0.department,
        u1_0.device_id,
        u1_0.email,
        u1_0.last_logout_at,
        u1_0.login_blocked_until,
        u1_0.name,
        u1_0.password,
        u1_0.phone,
        u1_0.role,
        u1_0.roll_number,
        u1_0.semester,
        u1_0.updated_at 
    from
        users u1_0 
    where
        u1_0.email=?
Hibernate: 
    select
        u1_0.id,
        u1_0.branch,
        u1_0.created_at,
        u1_0.department,
        u1_0.device_id,
        u1_0.email,
        u1_0.last_logout_at,
        u1_0.login_blocked_until,
        u1_0.name,
        u1_0.password,
        u1_0.phone,
        u1_0.role,
        u1_0.roll_number,
        u1_0.semester,
        u1_0.updated_at 
    from
        users u1_0 
    where
        u1_0.email=?
Hibernate: 
    select
        t1_0.id,
        t1_0.branch,
        t1_0.day,
        t1_0.end_time,
        t1_0.semester,
        t1_0.start_time,
        t1_0.subject_id,
        t1_0.teacher_id 
    from
        timetables t1_0 
    where
        t1_0.branch=? 
        and t1_0.semester=? 
    order by
        t1_0.day,
        t1_0.start_time
Hibernate: 
    select
        s1_0.id,
        s1_0.branch,
        s1_0.semester,
        s1_0.subject_code,
        s1_0.subject_name 
    from
        subjects s1_0 
    where
        s1_0.id=?
Hibernate: 
    select
        u1_0.id,
        u1_0.branch,
        u1_0.created_at,
        u1_0.department,
        u1_0.device_id,
        u1_0.email,
        u1_0.last_logout_at,
        u1_0.login_blocked_until,
        u1_0.name,
        u1_0.password,
        u1_0.phone,
        u1_0.role,
        u1_0.roll_number,
        u1_0.semester,
        u1_0.updated_at 
    from
        users u1_0 
    where
        u1_0.id=?
Hibernate: 
    select
        u1_0.id,
        u1_0.branch,
        u1_0.created_at,
        u1_0.department,
        u1_0.device_id,
        u1_0.email,
        u1_0.last_logout_at,
        u1_0.login_blocked_until,
        u1_0.name,
        u1_0.password,
        u1_0.phone,
        u1_0.role,
        u1_0.roll_number,
        u1_0.semester,
        u1_0.updated_at 
    from
        users u1_0 
    where
        u1_0.email=?
Hibernate: 
    select
        u1_0.id,
        u1_0.branch,
        u1_0.created_at,
        u1_0.department,
        u1_0.device_id,
        u1_0.email,
        u1_0.last_logout_at,
        u1_0.login_blocked_until,
        u1_0.name,
        u1_0.password,
        u1_0.phone,
        u1_0.role,
        u1_0.roll_number,
        u1_0.semester,
        u1_0.updated_at 
    from
        users u1_0 
    where
        u1_0.email=?
Hibernate: 
    select
        t1_0.id,
        t1_0.branch,
        t1_0.day,
        t1_0.end_time,
        t1_0.semester,
        t1_0.start_time,
        t1_0.subject_id,
        t1_0.teacher_id 
    from
        timetables t1_0 
    where
        t1_0.branch=? 
        and t1_0.semester=? 
    order by
        t1_0.day,
        t1_0.start_time
Hibernate: 
    select
        s1_0.id,
        s1_0.branch,
        s1_0.semester,
        s1_0.subject_code,
        s1_0.subject_name 
    from
        subjects s1_0 
    where
        s1_0.id=?
Hibernate: 
    select
        u1_0.id,
        u1_0.branch,
        u1_0.created_at,
        u1_0.department,
        u1_0.device_id,
        u1_0.email,
        u1_0.last_logout_at,
        u1_0.login_blocked_until,
        u1_0.name,
        u1_0.password,
        u1_0.phone,
        u1_0.role,
        u1_0.roll_number,
        u1_0.semester,
        u1_0.updated_at 
    from
        users u1_0 
    where
        u1_0.id=?
Hibernate: 
    select
        u1_0.id,
        u1_0.branch,
        u1_0.created_at,
        u1_0.department,
        u1_0.device_id,
        u1_0.email,
        u1_0.last_logout_at,
        u1_0.login_blocked_until,
        u1_0.name,
        u1_0.password,
        u1_0.phone,
        u1_0.role,
        u1_0.roll_number,
        u1_0.semester,
        u1_0.updated_at 
    from
        users u1_0 
    where
        u1_0.email=?
Hibernate: 
    select
        u1_0.id,
        u1_0.branch,
        u1_0.created_at,
        u1_0.department,
        u1_0.device_id,
        u1_0.email,
        u1_0.last_logout_at,
        u1_0.login_blocked_until,
        u1_0.name,
        u1_0.password,
        u1_0.phone,
        u1_0.role,
        u1_0.roll_number,
        u1_0.semester,
        u1_0.updated_at 
    from
        users u1_0 
    where
        u1_0.email=?
Hibernate: 
    select
        count(a1_0.id) 
    from
        attendance a1_0 
    where
        a1_0.student_id=?
Hibernate: 
    select
        count(a1_0.id) 
    from
        attendance a1_0 
    where
        a1_0.student_id=? 
        and a1_0.status=?
Hibernate: 
    select
        count(a1_0.id) 
    from
        attendance a1_0 
    where
        a1_0.student_id=? 
        and a1_0.status=?
Hibernate: 
    select
        cs1_0.id,
        cs1_0.actual_ended_at,
        cs1_0.actual_started_at,
        cs1_0.branch,
        cs1_0.created_at,
        cs1_0.end_time,
        cs1_0.semester,
        cs1_0.start_time,
        cs1_0.status,
        cs1_0.subject_name,
        cs1_0.teacher_id 
    from
        class_sessions cs1_0 
    where
        cs1_0.branch=? 
        and cs1_0.semester=? 
        and cs1_0.status=? 
    order by
        cs1_0.actual_started_at desc 
    limit
        ?
Hibernate: 
    select
        u1_0.id,
        u1_0.branch,
        u1_0.created_at,
        u1_0.department,
        u1_0.device_id,
        u1_0.email,
        u1_0.last_logout_at,
        u1_0.login_blocked_until,
        u1_0.name,
        u1_0.password,
        u1_0.phone,
        u1_0.role,
        u1_0.roll_number,
        u1_0.semester,
        u1_0.updated_at 
    from
        users u1_0 
    where
        u1_0.email=?
Hibernate: 
    select
        u1_0.id,
        u1_0.branch,
        u1_0.created_at,
        u1_0.department,
        u1_0.device_id,
        u1_0.email,
        u1_0.last_logout_at,
        u1_0.login_blocked_until,
        u1_0.name,
        u1_0.password,
        u1_0.phone,
        u1_0.role,
        u1_0.roll_number,
        u1_0.semester,
        u1_0.updated_at 
    from
        users u1_0 
    where
        u1_0.email=?
Hibernate: 
    select
        count(a1_0.id) 
    from
        attendance a1_0 
    where
        a1_0.student_id=?
Hibernate: 
    select
        count(a1_0.id) 
    from
        attendance a1_0 
    where
        a1_0.student_id=? 
        and a1_0.status=?
Hibernate: 
    select
        count(a1_0.id) 
    from
        attendance a1_0 
    where
        a1_0.student_id=? 
        and a1_0.status=?
Hibernate: 
    select
        cs1_0.id,
        cs1_0.actual_ended_at,
        cs1_0.actual_started_at,
        cs1_0.branch,
        cs1_0.created_at,
        cs1_0.end_time,
        cs1_0.semester,
        cs1_0.start_time,
        cs1_0.status,
        cs1_0.subject_name,
        cs1_0.teacher_id 
    from
        class_sessions cs1_0 
    where
        cs1_0.branch=? 
        and cs1_0.semester=? 
        and cs1_0.status=? 
    order by
        cs1_0.actual_started_at desc 
    limit
        ?
Hibernate: 
    select
        u1_0.id,
        u1_0.branch,
        u1_0.created_at,
        u1_0.department,
        u1_0.device_id,
        u1_0.email,
        u1_0.last_logout_at,
        u1_0.login_blocked_until,
        u1_0.name,
        u1_0.password,
        u1_0.phone,
        u1_0.role,
        u1_0.roll_number,
        u1_0.semester,
        u1_0.updated_at 
    from
        users u1_0 
    where
        u1_0.email=?
Hibernate: 
    select
        u1_0.id,
        u1_0.branch,
        u1_0.created_at,
        u1_0.department,
        u1_0.device_id,
        u1_0.email,
        u1_0.last_logout_at,
        u1_0.login_blocked_until,
        u1_0.name,
        u1_0.password,
        u1_0.phone,
        u1_0.role,
        u1_0.roll_number,
        u1_0.semester,
        u1_0.updated_at 
    from
        users u1_0 
    where
        u1_0.email=?
Hibernate: 
    select
        count(a1_0.id) 
    from
        attendance a1_0 
    where
        a1_0.student_id=?
Hibernate: 
    select
        count(a1_0.id) 
    from
        attendance a1_0 
    where
        a1_0.student_id=? 
        and a1_0.status=?
Hibernate: 
    select
        count(a1_0.id) 
    from
        attendance a1_0 
    where
        a1_0.student_id=? 
        and a1_0.status=?
Hibernate: 
    select
        cs1_0.id,
        cs1_0.actual_ended_at,
        cs1_0.actual_started_at,
        cs1_0.branch,
        cs1_0.created_at,
        cs1_0.end_time,
        cs1_0.semester,
        cs1_0.start_time,
        cs1_0.status,
        cs1_0.subject_name,
        cs1_0.teacher_id 
    from
        class_sessions cs1_0 
    where
        cs1_0.branch=? 
        and cs1_0.semester=? 
        and cs1_0.status=? 
    order by
        cs1_0.actual_started_at desc 
    limit
        ?
Hibernate: 
    select
        u1_0.id,
        u1_0.branch,
        u1_0.created_at,
        u1_0.department,
        u1_0.device_id,
        u1_0.email,
        u1_0.last_logout_at,
        u1_0.login_blocked_until,
        u1_0.name,
        u1_0.password,
        u1_0.phone,
        u1_0.role,
        u1_0.roll_number,
        u1_0.semester,
        u1_0.updated_at 
    from
        users u1_0 
    where
        u1_0.email=?
Hibernate: 
    select
        u1_0.id,
        u1_0.branch,
        u1_0.created_at,
        u1_0.department,
        u1_0.device_id,
        u1_0.email,
        u1_0.last_logout_at,
        u1_0.login_blocked_until,
        u1_0.name,
        u1_0.password,
        u1_0.phone,
        u1_0.role,
        u1_0.roll_number,
        u1_0.semester,
        u1_0.updated_at 
    from
        users u1_0 
    where
        u1_0.email=?
Hibernate: 
    select
        count(a1_0.id) 
    from
        attendance a1_0 
    where
        a1_0.student_id=?
Hibernate: 
    select
        count(a1_0.id) 
    from
        attendance a1_0 
    where
        a1_0.student_id=? 
        and a1_0.status=?
Hibernate: 
    select
        count(a1_0.id) 
    from
        attendance a1_0 
    where
        a1_0.student_id=? 
        and a1_0.status=?
Hibernate: 
    select
        cs1_0.id,
        cs1_0.actual_ended_at,
        cs1_0.actual_started_at,
        cs1_0.branch,
        cs1_0.created_at,
        cs1_0.end_time,
        cs1_0.semester,
        cs1_0.start_time,
        cs1_0.status,
        cs1_0.subject_name,
        cs1_0.teacher_id 
    from
        class_sessions cs1_0 
    where
        cs1_0.branch=? 
        and cs1_0.semester=? 
        and cs1_0.status=? 
    order by
        cs1_0.actual_started_at desc 
    limit
        ?
Hibernate: 
    select
        u1_0.id,
        u1_0.branch,
        u1_0.created_at,
        u1_0.department,
        u1_0.device_id,
        u1_0.email,
        u1_0.last_logout_at,
        u1_0.login_blocked_until,
        u1_0.name,
        u1_0.password,
        u1_0.phone,
        u1_0.role,
        u1_0.roll_number,
        u1_0.semester,
        u1_0.updated_at 
    from
        users u1_0 
    where
        u1_0.email=?
Hibernate: 
    select
        u1_0.id,
        u1_0.branch,
        u1_0.created_at,
        u1_0.department,
        u1_0.device_id,
        u1_0.email,
        u1_0.last_logout_at,
        u1_0.login_blocked_until,
        u1_0.name,
        u1_0.password,
        u1_0.phone,
        u1_0.role,
        u1_0.roll_number,
        u1_0.semester,
        u1_0.updated_at 
    from
        users u1_0 
    where
        u1_0.email=?
Hibernate: 
    select
        u1_0.id,
        u1_0.branch,
        u1_0.created_at,
        u1_0.department,
        u1_0.device_id,
        u1_0.email,
        u1_0.last_logout_at,
        u1_0.login_blocked_until,
        u1_0.name,
        u1_0.password,
        u1_0.phone,
        u1_0.role,
        u1_0.roll_number,
        u1_0.semester,
        u1_0.updated_at 
    from
        users u1_0
Hibernate: 
    select
        s1_0.id,
        s1_0.branch,
        s1_0.semester,
        s1_0.subject_code,
        s1_0.subject_name 
    from
        subjects s1_0
Hibernate: 
    select
        t1_0.id,
        t1_0.branch,
        t1_0.day,
        t1_0.end_time,
        t1_0.semester,
        t1_0.start_time,
        t1_0.subject_id,
        t1_0.teacher_id 
    from
        timetables t1_0
Hibernate: 
    select
        a1_0.id,
        a1_0.attendance_time,
        a1_0.geo_verified,
        a1_0.status,
        a1_0.student_id,
        a1_0.subject 
    from
        attendance a1_0
Hibernate: 
    select
        cs1_0.id,
        cs1_0.actual_ended_at,
        cs1_0.actual_started_at,
        cs1_0.branch,
        cs1_0.created_at,
        cs1_0.end_time,
        cs1_0.semester,
        cs1_0.start_time,
        cs1_0.status,
        cs1_0.subject_name,
        cs1_0.teacher_id 
    from
        class_sessions cs1_0
Hibernate: 
    select
        count(*) 
    from
        users u1_0
Hibernate: 
    select
        u1_0.id,
        u1_0.branch,
        u1_0.created_at,
        u1_0.department,
        u1_0.device_id,
        u1_0.email,
        u1_0.last_logout_at,
        u1_0.login_blocked_until,
        u1_0.name,
        u1_0.password,
        u1_0.phone,
        u1_0.role,
        u1_0.roll_number,
        u1_0.semester,
        u1_0.updated_at 
    from
        users u1_0
Hibernate: 
    select
        u1_0.id,
        u1_0.branch,
        u1_0.created_at,
        u1_0.department,
        u1_0.device_id,
        u1_0.email,
        u1_0.last_logout_at,
        u1_0.login_blocked_until,
        u1_0.name,
        u1_0.password,
        u1_0.phone,
        u1_0.role,
        u1_0.roll_number,
        u1_0.semester,
        u1_0.updated_at 
    from
        users u1_0
Hibernate: 
    select
        count(*) 
    from
        subjects s1_0
Hibernate: 
    select
        count(*) 
    from
        attendance a1_0
Hibernate: 
    select
        count(*) 
    from
        class_sessions cs1_0
Hibernate: 
    select
        u1_0.id,
        u1_0.branch,
        u1_0.created_at,
        u1_0.department,
        u1_0.device_id,
        u1_0.email,
        u1_0.last_logout_at,
        u1_0.login_blocked_until,
        u1_0.name,
        u1_0.password,
        u1_0.phone,
        u1_0.role,
        u1_0.roll_number,
        u1_0.semester,
        u1_0.updated_at 
    from
        users u1_0 
    where
        u1_0.email=?
Hibernate: 
    select
        u1_0.id,
        u1_0.branch,
        u1_0.created_at,
        u1_0.department,
        u1_0.device_id,
        u1_0.email,
        u1_0.last_logout_at,
        u1_0.login_blocked_until,
        u1_0.name,
        u1_0.password,
        u1_0.phone,
        u1_0.role,
        u1_0.roll_number,
        u1_0.semester,
        u1_0.updated_at 
    from
        users u1_0
Hibernate: 
    select
        s1_0.id,
        s1_0.branch,
        s1_0.semester,
        s1_0.subject_code,
        s1_0.subject_name 
    from
        subjects s1_0
Hibernate: 
    select
        t1_0.id,
        t1_0.branch,
        t1_0.day,
        t1_0.end_time,
        t1_0.semester,
        t1_0.start_time,
        t1_0.subject_id,
        t1_0.teacher_id 
    from
        timetables t1_0
Hibernate: 
    select
        a1_0.id,
        a1_0.attendance_time,
        a1_0.geo_verified,
        a1_0.status,
        a1_0.student_id,
        a1_0.subject 
    from
        attendance a1_0
Hibernate: 
    select
        cs1_0.id,
        cs1_0.actual_ended_at,
        cs1_0.actual_started_at,
        cs1_0.branch,
        cs1_0.created_at,
        cs1_0.end_time,
        cs1_0.semester,
        cs1_0.start_time,
        cs1_0.status,
        cs1_0.subject_name,
        cs1_0.teacher_id 
    from
        class_sessions cs1_0
Hibernate: 
    select
        count(*) 
    from
        users u1_0
Hibernate: 
    select
        u1_0.id,
        u1_0.branch,
        u1_0.created_at,
        u1_0.department,
        u1_0.device_id,
        u1_0.email,
        u1_0.last_logout_at,
        u1_0.login_blocked_until,
        u1_0.name,
        u1_0.password,
        u1_0.phone,
        u1_0.role,
        u1_0.roll_number,
        u1_0.semester,
        u1_0.updated_at 
    from
        users u1_0
Hibernate: 
    select
        u1_0.id,
        u1_0.branch,
        u1_0.created_at,
        u1_0.department,
        u1_0.device_id,
        u1_0.email,
        u1_0.last_logout_at,
        u1_0.login_blocked_until,
        u1_0.name,
        u1_0.password,
        u1_0.phone,
        u1_0.role,
        u1_0.roll_number,
        u1_0.semester,
        u1_0.updated_at 
    from
        users u1_0
Hibernate: 
    select
        count(*) 
    from
        subjects s1_0
Hibernate: 
    select
        count(*) 
    from
        attendance a1_0
Hibernate: 
    select
        count(*) 
    from
        class_sessions cs1_0
Hibernate: 
    select
        u1_0.id,
        u1_0.branch,
        u1_0.created_at,
        u1_0.department,
        u1_0.device_id,
        u1_0.email,
        u1_0.last_logout_at,
        u1_0.login_blocked_until,
        u1_0.name,
        u1_0.password,
        u1_0.phone,
        u1_0.role,
        u1_0.roll_number,
        u1_0.semester,
        u1_0.updated_at 
    from
        users u1_0 
    where
        u1_0.email=?
Hibernate: 
    select
        s1_0.id,
        s1_0.branch,
        s1_0.semester,
        s1_0.subject_code,
        s1_0.subject_name 
    from
        subjects s1_0 
    where
        s1_0.id=?
Hibernate: 
    select
        u1_0.id,
        u1_0.branch,
        u1_0.created_at,
        u1_0.department,
        u1_0.device_id,
        u1_0.email,
        u1_0.last_logout_at,
        u1_0.login_blocked_until,
        u1_0.name,
        u1_0.password,
        u1_0.phone,
        u1_0.role,
        u1_0.roll_number,
        u1_0.semester,
        u1_0.updated_at 
    from
        users u1_0 
    where
        u1_0.id=?
Hibernate: 
    insert 
    into
        timetables
        (branch, day, end_time, semester, start_time, subject_id, teacher_id) 
    values
        (?, ?, ?, ?, ?, ?, ?)
Hibernate: 
    select
        u1_0.id,
        u1_0.branch,
        u1_0.created_at,
        u1_0.department,
        u1_0.device_id,
        u1_0.email,
        u1_0.last_logout_at,
        u1_0.login_blocked_until,
        u1_0.name,
        u1_0.password,
        u1_0.phone,
        u1_0.role,
        u1_0.roll_number,
        u1_0.semester,
        u1_0.updated_at 
    from
        users u1_0 
    where
        u1_0.email=?
Hibernate: 
    select
        u1_0.id,
        u1_0.branch,
        u1_0.created_at,
        u1_0.department,
        u1_0.device_id,
        u1_0.email,
        u1_0.last_logout_at,
        u1_0.login_blocked_until,
        u1_0.name,
        u1_0.password,
        u1_0.phone,
        u1_0.role,
        u1_0.roll_number,
        u1_0.semester,
        u1_0.updated_at 
    from
        users u1_0
Hibernate: 
    select
        s1_0.id,
        s1_0.branch,
        s1_0.semester,
        s1_0.subject_code,
        s1_0.subject_name 
    from
        subjects s1_0
Hibernate: 
    select
        t1_0.id,
        t1_0.branch,
        t1_0.day,
        t1_0.end_time,
        t1_0.semester,
        t1_0.start_time,
        t1_0.subject_id,
        t1_0.teacher_id 
    from
        timetables t1_0
Hibernate: 
    select
        a1_0.id,
        a1_0.attendance_time,
        a1_0.geo_verified,
        a1_0.status,
        a1_0.student_id,
        a1_0.subject 
    from
        attendance a1_0
Hibernate: 
    select
        cs1_0.id,
        cs1_0.actual_ended_at,
        cs1_0.actual_started_at,
        cs1_0.branch,
        cs1_0.created_at,
        cs1_0.end_time,
        cs1_0.semester,
        cs1_0.start_time,
        cs1_0.status,
        cs1_0.subject_name,
        cs1_0.teacher_id 
    from
        class_sessions cs1_0
Hibernate: 
    select
        count(*) 
    from
        users u1_0
Hibernate: 
    select
        u1_0.id,
        u1_0.branch,
        u1_0.created_at,
        u1_0.department,
        u1_0.device_id,
        u1_0.email,
        u1_0.last_logout_at,
        u1_0.login_blocked_until,
        u1_0.name,
        u1_0.password,
        u1_0.phone,
        u1_0.role,
        u1_0.roll_number,
        u1_0.semester,
        u1_0.updated_at 
    from
        users u1_0
Hibernate: 
    select
        u1_0.id,
        u1_0.branch,
        u1_0.created_at,
        u1_0.department,
        u1_0.device_id,
        u1_0.email,
        u1_0.last_logout_at,
        u1_0.login_blocked_until,
        u1_0.name,
        u1_0.password,
        u1_0.phone,
        u1_0.role,
        u1_0.roll_number,
        u1_0.semester,
        u1_0.updated_at 
    from
        users u1_0
Hibernate: 
    select
        count(*) 
    from
        subjects s1_0
Hibernate: 
    select
        count(*) 
    from
        attendance a1_0
Hibernate: 
    select
        count(*) 
    from
        class_sessions cs1_0
Hibernate: 
    select
        u1_0.id,
        u1_0.branch,
        u1_0.created_at,
        u1_0.department,
        u1_0.device_id,
        u1_0.email,
        u1_0.last_logout_at,
        u1_0.login_blocked_until,
        u1_0.name,
        u1_0.password,
        u1_0.phone,
        u1_0.role,
        u1_0.roll_number,
        u1_0.semester,
        u1_0.updated_at 
    from
        users u1_0 
    where
        u1_0.email=?
Hibernate: 
    select
        s1_0.id,
        s1_0.branch,
        s1_0.semester,
        s1_0.subject_code,
        s1_0.subject_name 
    from
        subjects s1_0 
    where
        s1_0.id=?
Hibernate: 
    select
        u1_0.id,
        u1_0.branch,
        u1_0.created_at,
        u1_0.department,
        u1_0.device_id,
        u1_0.email,
        u1_0.last_logout_at,
        u1_0.login_blocked_until,
        u1_0.name,
        u1_0.password,
        u1_0.phone,
        u1_0.role,
        u1_0.roll_number,
        u1_0.semester,
        u1_0.updated_at 
    from
        users u1_0 
    where
        u1_0.id=?
Hibernate: 
    insert 
    into
        timetables
        (branch, day, end_time, semester, start_time, subject_id, teacher_id) 
    values
        (?, ?, ?, ?, ?, ?, ?)
Hibernate: 
    select
        u1_0.id,
        u1_0.branch,
        u1_0.created_at,
        u1_0.department,
        u1_0.device_id,
        u1_0.email,
        u1_0.last_logout_at,
        u1_0.login_blocked_until,
        u1_0.name,
        u1_0.password,
        u1_0.phone,
        u1_0.role,
        u1_0.roll_number,
        u1_0.semester,
        u1_0.updated_at 
    from
        users u1_0 
    where
        u1_0.email=?
Hibernate: 
    select
        u1_0.id,
        u1_0.branch,
        u1_0.created_at,
        u1_0.department,
        u1_0.device_id,
        u1_0.email,
        u1_0.last_logout_at,
        u1_0.login_blocked_until,
        u1_0.name,
        u1_0.password,
        u1_0.phone,
        u1_0.role,
        u1_0.roll_number,
        u1_0.semester,
        u1_0.updated_at 
    from
        users u1_0
Hibernate: 
    select
        s1_0.id,
        s1_0.branch,
        s1_0.semester,
        s1_0.subject_code,
        s1_0.subject_name 
    from
        subjects s1_0
Hibernate: 
    select
        t1_0.id,
        t1_0.branch,
        t1_0.day,
        t1_0.end_time,
        t1_0.semester,
        t1_0.start_time,
        t1_0.subject_id,
        t1_0.teacher_id 
    from
        timetables t1_0
Hibernate: 
    select
        a1_0.id,
        a1_0.attendance_time,
        a1_0.geo_verified,
        a1_0.status,
        a1_0.student_id,
        a1_0.subject 
    from
        attendance a1_0
Hibernate: 
    select
        cs1_0.id,
        cs1_0.actual_ended_at,
        cs1_0.actual_started_at,
        cs1_0.branch,
        cs1_0.created_at,
        cs1_0.end_time,
        cs1_0.semester,
        cs1_0.start_time,
        cs1_0.status,
        cs1_0.subject_name,
        cs1_0.teacher_id 
    from
        class_sessions cs1_0
Hibernate: 
    select
        count(*) 
    from
        users u1_0
Hibernate: 
    select
        u1_0.id,
        u1_0.branch,
        u1_0.created_at,
        u1_0.department,
        u1_0.device_id,
        u1_0.email,
        u1_0.last_logout_at,
        u1_0.login_blocked_until,
        u1_0.name,
        u1_0.password,
        u1_0.phone,
        u1_0.role,
        u1_0.roll_number,
        u1_0.semester,
        u1_0.updated_at 
    from
        users u1_0
Hibernate: 
    select
        u1_0.id,
        u1_0.branch,
        u1_0.created_at,
        u1_0.department,
        u1_0.device_id,
        u1_0.email,
        u1_0.last_logout_at,
        u1_0.login_blocked_until,
        u1_0.name,
        u1_0.password,
        u1_0.phone,
        u1_0.role,
        u1_0.roll_number,
        u1_0.semester,
        u1_0.updated_at 
    from
        users u1_0
Hibernate: 
    select
        count(*) 
    from
        subjects s1_0
Hibernate: 
    select
        count(*) 
    from
        attendance a1_0
Hibernate: 
    select
        count(*) 
    from
        class_sessions cs1_0
Hibernate: 
    select
        u1_0.id,
        u1_0.branch,
        u1_0.created_at,
        u1_0.department,
        u1_0.device_id,
        u1_0.email,
        u1_0.last_logout_at,
        u1_0.login_blocked_until,
        u1_0.name,
        u1_0.password,
        u1_0.phone,
        u1_0.role,
        u1_0.roll_number,
        u1_0.semester,
        u1_0.updated_at 
    from
        users u1_0 
    where
        u1_0.email=?
Hibernate: 
    select
        s1_0.id,
        s1_0.branch,
        s1_0.semester,
        s1_0.subject_code,
        s1_0.subject_name 
    from
        subjects s1_0 
    where
        s1_0.id=?
Hibernate: 
    select
        u1_0.id,
        u1_0.branch,
        u1_0.created_at,
        u1_0.department,
        u1_0.device_id,
        u1_0.email,
        u1_0.last_logout_at,
        u1_0.login_blocked_until,
        u1_0.name,
        u1_0.password,
        u1_0.phone,
        u1_0.role,
        u1_0.roll_number,
        u1_0.semester,
        u1_0.updated_at 
    from
        users u1_0 
    where
        u1_0.id=?
Hibernate: 
    insert 
    into
        timetables
        (branch, day, end_time, semester, start_time, subject_id, teacher_id) 
    values
        (?, ?, ?, ?, ?, ?, ?)
Hibernate: 
    select
        u1_0.id,
        u1_0.branch,
        u1_0.created_at,
        u1_0.department,
        u1_0.device_id,
        u1_0.email,
        u1_0.last_logout_at,
        u1_0.login_blocked_until,
        u1_0.name,
        u1_0.password,
        u1_0.phone,
        u1_0.role,
        u1_0.roll_number,
        u1_0.semester,
        u1_0.updated_at 
    from
        users u1_0 
    where
        u1_0.email=?
Hibernate: 
    select
        u1_0.id,
        u1_0.branch,
        u1_0.created_at,
        u1_0.department,
        u1_0.device_id,
        u1_0.email,
        u1_0.last_logout_at,
        u1_0.login_blocked_until,
        u1_0.name,
        u1_0.password,
        u1_0.phone,
        u1_0.role,
        u1_0.roll_number,
        u1_0.semester,
        u1_0.updated_at 
    from
        users u1_0
Hibernate: 
    select
        s1_0.id,
        s1_0.branch,
        s1_0.semester,
        s1_0.subject_code,
        s1_0.subject_name 
    from
        subjects s1_0
Hibernate: 
    select
        t1_0.id,
        t1_0.branch,
        t1_0.day,
        t1_0.end_time,
        t1_0.semester,
        t1_0.start_time,
        t1_0.subject_id,
        t1_0.teacher_id 
    from
        timetables t1_0
Hibernate: 
    select
        a1_0.id,
        a1_0.attendance_time,
        a1_0.geo_verified,
        a1_0.status,
        a1_0.student_id,
        a1_0.subject 
    from
        attendance a1_0
Hibernate: 
    select
        cs1_0.id,
        cs1_0.actual_ended_at,
        cs1_0.actual_started_at,
        cs1_0.branch,
        cs1_0.created_at,
        cs1_0.end_time,
        cs1_0.semester,
        cs1_0.start_time,
        cs1_0.status,
        cs1_0.subject_name,
        cs1_0.teacher_id 
    from
        class_sessions cs1_0
Hibernate: 
    select
        count(*) 
    from
        users u1_0
Hibernate: 
    select
        u1_0.id,
        u1_0.branch,
        u1_0.created_at,
        u1_0.department,
        u1_0.device_id,
        u1_0.email,
        u1_0.last_logout_at,
        u1_0.login_blocked_until,
        u1_0.name,
        u1_0.password,
        u1_0.phone,
        u1_0.role,
        u1_0.roll_number,
        u1_0.semester,
        u1_0.updated_at 
    from
        users u1_0
Hibernate: 
    select
        u1_0.id,
        u1_0.branch,
        u1_0.created_at,
        u1_0.department,
        u1_0.device_id,
        u1_0.email,
        u1_0.last_logout_at,
        u1_0.login_blocked_until,
        u1_0.name,
        u1_0.password,
        u1_0.phone,
        u1_0.role,
        u1_0.roll_number,
        u1_0.semester,
        u1_0.updated_at 
    from
        users u1_0
Hibernate: 
    select
        count(*) 
    from
        subjects s1_0
Hibernate: 
    select
        count(*) 
    from
        attendance a1_0
Hibernate: 
    select
        count(*) 
    from
        class_sessions cs1_0
Hibernate: 
    select
        u1_0.id,
        u1_0.branch,
        u1_0.created_at,
        u1_0.department,
        u1_0.device_id,
        u1_0.email,
        u1_0.last_logout_at,
        u1_0.login_blocked_until,
        u1_0.name,
        u1_0.password,
        u1_0.phone,
        u1_0.role,
        u1_0.roll_number,
        u1_0.semester,
        u1_0.updated_at 
    from
        users u1_0 
    where
        u1_0.email=?
Hibernate: 
    select
        u1_0.id,
        u1_0.branch,
        u1_0.created_at,
        u1_0.department,
        u1_0.device_id,
        u1_0.email,
        u1_0.last_logout_at,
        u1_0.login_blocked_until,
        u1_0.name,
        u1_0.password,
        u1_0.phone,
        u1_0.role,
        u1_0.roll_number,
        u1_0.semester,
        u1_0.updated_at 
    from
        users u1_0 
    where
        u1_0.email=?
Hibernate: 
    select
        u1_0.id,
        u1_0.branch,
        u1_0.created_at,
        u1_0.department,
        u1_0.device_id,
        u1_0.email,
        u1_0.last_logout_at,
        u1_0.login_blocked_until,
        u1_0.name,
        u1_0.password,
        u1_0.phone,
        u1_0.role,
        u1_0.roll_number,
        u1_0.semester,
        u1_0.updated_at 
    from
        users u1_0 
    where
        u1_0.email=?
Hibernate: 
    select
        u1_0.id,
        u1_0.branch,
        u1_0.created_at,
        u1_0.department,
        u1_0.device_id,
        u1_0.email,
        u1_0.last_logout_at,
        u1_0.login_blocked_until,
        u1_0.name,
        u1_0.password,
        u1_0.phone,
        u1_0.role,
        u1_0.roll_number,
        u1_0.semester,
        u1_0.updated_at 
    from
        users u1_0 
    where
        u1_0.email=?
Hibernate: 
    select
        u1_0.id,
        u1_0.branch,
        u1_0.created_at,
        u1_0.department,
        u1_0.device_id,
        u1_0.email,
        u1_0.last_logout_at,
        u1_0.login_blocked_until,
        u1_0.name,
        u1_0.password,
        u1_0.phone,
        u1_0.role,
        u1_0.roll_number,
        u1_0.semester,
        u1_0.updated_at 
    from
        users u1_0 
    where
        u1_0.email=?
Hibernate: 
    select
        u1_0.id,
        u1_0.branch,
        u1_0.created_at,
        u1_0.department,
        u1_0.device_id,
        u1_0.email,
        u1_0.last_logout_at,
        u1_0.login_blocked_until,
        u1_0.name,
        u1_0.password,
        u1_0.phone,
        u1_0.role,
        u1_0.roll_number,
        u1_0.semester,
        u1_0.updated_at 
    from
        users u1_0 
    where
        u1_0.email=?
Hibernate: 
    select
        u1_0.id,
        u1_0.branch,
        u1_0.created_at,
        u1_0.department,
        u1_0.device_id,
        u1_0.email,
        u1_0.last_logout_at,
        u1_0.login_blocked_until,
        u1_0.name,
        u1_0.password,
        u1_0.phone,
        u1_0.role,
        u1_0.roll_number,
        u1_0.semester,
        u1_0.updated_at 
    from
        users u1_0 
    where
        u1_0.email=?
Hibernate: 
    update
        users 
    set
        branch=?,
        department=?,
        device_id=?,
        email=?,
        last_logout_at=?,
        login_blocked_until=?,
        name=?,
        password=?,
        phone=?,
        role=?,
        roll_number=?,
        semester=?,
        updated_at=? 
    where
        id=?
Hibernate: 
    select
        u1_0.id,
        u1_0.branch,
        u1_0.created_at,
        u1_0.department,
        u1_0.device_id,
        u1_0.email,
        u1_0.last_logout_at,
        u1_0.login_blocked_until,
        u1_0.name,
        u1_0.password,
        u1_0.phone,
        u1_0.role,
        u1_0.roll_number,
        u1_0.semester,
        u1_0.updated_at 
    from
        users u1_0 
    where
        u1_0.email=?
Hibernate: 
    select
        u1_0.id,
        u1_0.branch,
        u1_0.created_at,
        u1_0.department,
        u1_0.device_id,
        u1_0.email,
        u1_0.last_logout_at,
        u1_0.login_blocked_until,
        u1_0.name,
        u1_0.password,
        u1_0.phone,
        u1_0.role,
        u1_0.roll_number,
        u1_0.semester,
        u1_0.updated_at 
    from
        users u1_0 
    where
        u1_0.email=?
Hibernate: 
    select
        count(a1_0.id) 
    from
        attendance a1_0 
    where
        a1_0.student_id=?
Hibernate: 
    select
        count(a1_0.id) 
    from
        attendance a1_0 
    where
        a1_0.student_id=? 
        and a1_0.status=?
Hibernate: 
    select
        count(a1_0.id) 
    from
        attendance a1_0 
    where
        a1_0.student_id=? 
        and a1_0.status=?
Hibernate: 
    select
        cs1_0.id,
        cs1_0.actual_ended_at,
        cs1_0.actual_started_at,
        cs1_0.branch,
        cs1_0.created_at,
        cs1_0.end_time,
        cs1_0.semester,
        cs1_0.start_time,
        cs1_0.status,
        cs1_0.subject_name,
        cs1_0.teacher_id 
    from
        class_sessions cs1_0 
    where
        cs1_0.branch=? 
        and cs1_0.semester=? 
        and cs1_0.status=? 
    order by
        cs1_0.actual_started_at desc 
    limit
        ?
Hibernate: 
    select
        u1_0.id,
        u1_0.branch,
        u1_0.created_at,
        u1_0.department,
        u1_0.device_id,
        u1_0.email,
        u1_0.last_logout_at,
        u1_0.login_blocked_until,
        u1_0.name,
        u1_0.password,
        u1_0.phone,
        u1_0.role,
        u1_0.roll_number,
        u1_0.semester,
        u1_0.updated_at 
    from
        users u1_0 
    where
        u1_0.email=?
Hibernate: 
    select
        u1_0.id,
        u1_0.branch,
        u1_0.created_at,
        u1_0.department,
        u1_0.device_id,
        u1_0.email,
        u1_0.last_logout_at,
        u1_0.login_blocked_until,
        u1_0.name,
        u1_0.password,
        u1_0.phone,
        u1_0.role,
        u1_0.roll_number,
        u1_0.semester,
        u1_0.updated_at 
    from
        users u1_0 
    where
        u1_0.email=?
Hibernate: 
    select
        count(a1_0.id) 
    from
        attendance a1_0 
    where
        a1_0.student_id=?
Hibernate: 
    select
        count(a1_0.id) 
    from
        attendance a1_0 
    where
        a1_0.student_id=? 
        and a1_0.status=?
Hibernate: 
    select
        count(a1_0.id) 
    from
        attendance a1_0 
    where
        a1_0.student_id=? 
        and a1_0.status=?
Hibernate: 
    select
        cs1_0.id,
        cs1_0.actual_ended_at,
        cs1_0.actual_started_at,
        cs1_0.branch,
        cs1_0.created_at,
        cs1_0.end_time,
        cs1_0.semester,
        cs1_0.start_time,
        cs1_0.status,
        cs1_0.subject_name,
        cs1_0.teacher_id 
    from
        class_sessions cs1_0 
    where
        cs1_0.branch=? 
        and cs1_0.semester=? 
        and cs1_0.status=? 
    order by
        cs1_0.actual_started_at desc 
    limit
        ?
Hibernate: 
    select
        u1_0.id,
        u1_0.branch,
        u1_0.created_at,
        u1_0.department,
        u1_0.device_id,
        u1_0.email,
        u1_0.last_logout_at,
        u1_0.login_blocked_until,
        u1_0.name,
        u1_0.password,
        u1_0.phone,
        u1_0.role,
        u1_0.roll_number,
        u1_0.semester,
        u1_0.updated_at 
    from
        users u1_0 
    where
        u1_0.email=?
Hibernate: 
    select
        u1_0.id,
        u1_0.branch,
        u1_0.created_at,
        u1_0.department,
        u1_0.device_id,
        u1_0.email,
        u1_0.last_logout_at,
        u1_0.login_blocked_until,
        u1_0.name,
        u1_0.password,
        u1_0.phone,
        u1_0.role,
        u1_0.roll_number,
        u1_0.semester,
        u1_0.updated_at 
    from
        users u1_0 
    where
        u1_0.email=?
Hibernate: 
    select
        count(a1_0.id) 
    from
        attendance a1_0 
    where
        a1_0.student_id=?
Hibernate: 
    select
        count(a1_0.id) 
    from
        attendance a1_0 
    where
        a1_0.student_id=? 
        and a1_0.status=?
Hibernate: 
    select
        count(a1_0.id) 
    from
        attendance a1_0 
    where
        a1_0.student_id=? 
        and a1_0.status=?
Hibernate: 
    select
        cs1_0.id,
        cs1_0.actual_ended_at,
        cs1_0.actual_started_at,
        cs1_0.branch,
        cs1_0.created_at,
        cs1_0.end_time,
        cs1_0.semester,
        cs1_0.start_time,
        cs1_0.status,
        cs1_0.subject_name,
        cs1_0.teacher_id 
    from
        class_sessions cs1_0 
    where
        cs1_0.branch=? 
        and cs1_0.semester=? 
        and cs1_0.status=? 
    order by
        cs1_0.actual_started_at desc 
    limit
        ?
Hibernate: 
    select
        u1_0.id,
        u1_0.branch,
        u1_0.created_at,
        u1_0.department,
        u1_0.device_id,
        u1_0.email,
        u1_0.last_logout_at,
        u1_0.login_blocked_until,
        u1_0.name,
        u1_0.password,
        u1_0.phone,
        u1_0.role,
        u1_0.roll_number,
        u1_0.semester,
        u1_0.updated_at 
    from
        users u1_0 
    where
        u1_0.email=?
Hibernate: 
    select
        u1_0.id,
        u1_0.branch,
        u1_0.created_at,
        u1_0.department,
        u1_0.device_id,
        u1_0.email,
        u1_0.last_logout_at,
        u1_0.login_blocked_until,
        u1_0.name,
        u1_0.password,
        u1_0.phone,
        u1_0.role,
        u1_0.roll_number,
        u1_0.semester,
        u1_0.updated_at 
    from
        users u1_0 
    where
        u1_0.email=?
Hibernate: 
    select
        count(a1_0.id) 
    from
        attendance a1_0 
    where
        a1_0.student_id=?
Hibernate: 
    select
        count(a1_0.id) 
    from
        attendance a1_0 
    where
        a1_0.student_id=? 
        and a1_0.status=?
Hibernate: 
    select
        count(a1_0.id) 
    from
        attendance a1_0 
    where
        a1_0.student_id=? 
        and a1_0.status=?
Hibernate: 
    select
        cs1_0.id,
        cs1_0.actual_ended_at,
        cs1_0.actual_started_at,
        cs1_0.branch,
        cs1_0.created_at,
        cs1_0.end_time,
        cs1_0.semester,
        cs1_0.start_time,
        cs1_0.status,
        cs1_0.subject_name,
        cs1_0.teacher_id 
    from
        class_sessions cs1_0 
    where
        cs1_0.branch=? 
        and cs1_0.semester=? 
        and cs1_0.status=? 
    order by
        cs1_0.actual_started_at desc 
    limit
        ?
Hibernate: 
    select
        u1_0.id,
        u1_0.branch,
        u1_0.created_at,
        u1_0.department,
        u1_0.device_id,
        u1_0.email,
        u1_0.last_logout_at,
        u1_0.login_blocked_until,
        u1_0.name,
        u1_0.password,
        u1_0.phone,
        u1_0.role,
        u1_0.roll_number,
        u1_0.semester,
        u1_0.updated_at 
    from
        users u1_0 
    where
        u1_0.email=?
Hibernate: 
    select
        u1_0.id,
        u1_0.branch,
        u1_0.created_at,
        u1_0.department,
        u1_0.device_id,
        u1_0.email,
        u1_0.last_logout_at,
        u1_0.login_blocked_until,
        u1_0.name,
        u1_0.password,
        u1_0.phone,
        u1_0.role,
        u1_0.roll_number,
        u1_0.semester,
        u1_0.updated_at 
    from
        users u1_0 
    where
        u1_0.email=?
Hibernate: 
    select
        t1_0.id,
        t1_0.branch,
        t1_0.day,
        t1_0.end_time,
        t1_0.semester,
        t1_0.start_time,
        t1_0.subject_id,
        t1_0.teacher_id 
    from
        timetables t1_0 
    where
        t1_0.branch=? 
        and t1_0.semester=? 
    order by
        t1_0.day,
        t1_0.start_time
Hibernate: 
    select
        s1_0.id,
        s1_0.branch,
        s1_0.semester,
        s1_0.subject_code,
        s1_0.subject_name 
    from
        subjects s1_0 
    where
        s1_0.id=?
Hibernate: 
    select
        u1_0.id,
        u1_0.branch,
        u1_0.created_at,
        u1_0.department,
        u1_0.device_id,
        u1_0.email,
        u1_0.last_logout_at,
        u1_0.login_blocked_until,
        u1_0.name,
        u1_0.password,
        u1_0.phone,
        u1_0.role,
        u1_0.roll_number,
        u1_0.semester,
        u1_0.updated_at 
    from
        users u1_0 
    where
        u1_0.id=?
Hibernate: 
    select
        u1_0.id,
        u1_0.branch,
        u1_0.created_at,
        u1_0.department,
        u1_0.device_id,
        u1_0.email,
        u1_0.last_logout_at,
        u1_0.login_blocked_until,
        u1_0.name,
        u1_0.password,
        u1_0.phone,
        u1_0.role,
        u1_0.roll_number,
        u1_0.semester,
        u1_0.updated_at 
    from
        users u1_0 
    where
        u1_0.email=?
Hibernate: 
    select
        u1_0.id,
        u1_0.branch,
        u1_0.created_at,
        u1_0.department,
        u1_0.device_id,
        u1_0.email,
        u1_0.last_logout_at,
        u1_0.login_blocked_until,
        u1_0.name,
        u1_0.password,
        u1_0.phone,
        u1_0.role,
        u1_0.roll_number,
        u1_0.semester,
        u1_0.updated_at 
    from
        users u1_0 
    where
        u1_0.email=?
Hibernate: 
    select
        t1_0.id,
        t1_0.branch,
        t1_0.day,
        t1_0.end_time,
        t1_0.semester,
        t1_0.start_time,
        t1_0.subject_id,
        t1_0.teacher_id 
    from
        timetables t1_0 
    where
        t1_0.branch=? 
        and t1_0.semester=? 
    order by
        t1_0.day,
        t1_0.start_time
Hibernate: 
    select
        s1_0.id,
        s1_0.branch,
        s1_0.semester,
        s1_0.subject_code,
        s1_0.subject_name 
    from
        subjects s1_0 
    where
        s1_0.id=?
Hibernate: 
    select
        u1_0.id,
        u1_0.branch,
        u1_0.created_at,
        u1_0.department,
        u1_0.device_id,
        u1_0.email,
        u1_0.last_logout_at,
        u1_0.login_blocked_until,
        u1_0.name,
        u1_0.password,
        u1_0.phone,
        u1_0.role,
        u1_0.roll_number,
        u1_0.semester,
        u1_0.updated_at 
    from
        users u1_0 
    where
        u1_0.id=?
Hibernate: 
    select
        u1_0.id,
        u1_0.branch,
        u1_0.created_at,
        u1_0.department,
        u1_0.device_id,
        u1_0.email,
        u1_0.last_logout_at,
        u1_0.login_blocked_until,
        u1_0.name,
        u1_0.password,
        u1_0.phone,
        u1_0.role,
        u1_0.roll_number,
        u1_0.semester,
        u1_0.updated_at 
    from
        users u1_0 
    where
        u1_0.email=?
Hibernate: 
    select
        u1_0.id,
        u1_0.branch,
        u1_0.created_at,
        u1_0.department,
        u1_0.device_id,
        u1_0.email,
        u1_0.last_logout_at,
        u1_0.login_blocked_until,
        u1_0.name,
        u1_0.password,
        u1_0.phone,
        u1_0.role,
        u1_0.roll_number,
        u1_0.semester,
        u1_0.updated_at 
    from
        users u1_0 
    where
        u1_0.email=?
Hibernate: 
    select
        u1_0.id,
        u1_0.branch,
        u1_0.created_at,
        u1_0.department,
        u1_0.device_id,
        u1_0.email,
        u1_0.last_logout_at,
        u1_0.login_blocked_until,
        u1_0.name,
        u1_0.password,
        u1_0.phone,
        u1_0.role,
        u1_0.roll_number,
        u1_0.semester,
        u1_0.updated_at 
    from
        users u1_0
Hibernate: 
    select
        s1_0.id,
        s1_0.branch,
        s1_0.semester,
        s1_0.subject_code,
        s1_0.subject_name 
    from
        subjects s1_0
Hibernate: 
    select
        t1_0.id,
        t1_0.branch,
        t1_0.day,
        t1_0.end_time,
        t1_0.semester,
        t1_0.start_time,
        t1_0.subject_id,
        t1_0.teacher_id 
    from
        timetables t1_0
Hibernate: 
    select
        a1_0.id,
        a1_0.attendance_time,
        a1_0.geo_verified,
        a1_0.status,
        a1_0.student_id,
        a1_0.subject 
    from
        attendance a1_0
Hibernate: 
    select
        cs1_0.id,
        cs1_0.actual_ended_at,
        cs1_0.actual_started_at,
        cs1_0.branch,
        cs1_0.created_at,
        cs1_0.end_time,
        cs1_0.semester,
        cs1_0.start_time,
        cs1_0.status,
        cs1_0.subject_name,
        cs1_0.teacher_id 
    from
        class_sessions cs1_0
Hibernate: 
    select
        count(*) 
    from
        users u1_0
Hibernate: 
    select
        u1_0.id,
        u1_0.branch,
        u1_0.created_at,
        u1_0.department,
        u1_0.device_id,
        u1_0.email,
        u1_0.last_logout_at,
        u1_0.login_blocked_until,
        u1_0.name,
        u1_0.password,
        u1_0.phone,
        u1_0.role,
        u1_0.roll_number,
        u1_0.semester,
        u1_0.updated_at 
    from
        users u1_0
Hibernate: 
    select
        u1_0.id,
        u1_0.branch,
        u1_0.created_at,
        u1_0.department,
        u1_0.device_id,
        u1_0.email,
        u1_0.last_logout_at,
        u1_0.login_blocked_until,
        u1_0.name,
        u1_0.password,
        u1_0.phone,
        u1_0.role,
        u1_0.roll_number,
        u1_0.semester,
        u1_0.updated_at 
    from
        users u1_0
Hibernate: 
    select
        count(*) 
    from
        subjects s1_0
Hibernate: 
    select
        count(*) 
    from
        attendance a1_0
Hibernate: 
    select
        count(*) 
    from
        class_sessions cs1_0
Hibernate: 
    select
        u1_0.id,
        u1_0.branch,
        u1_0.created_at,
        u1_0.department,
        u1_0.device_id,
        u1_0.email,
        u1_0.last_logout_at,
        u1_0.login_blocked_until,
        u1_0.name,
        u1_0.password,
        u1_0.phone,
        u1_0.role,
        u1_0.roll_number,
        u1_0.semester,
        u1_0.updated_at 
    from
        users u1_0 
    where
        u1_0.email=?
Hibernate: 
    select
        u1_0.id,
        u1_0.branch,
        u1_0.created_at,
        u1_0.department,
        u1_0.device_id,
        u1_0.email,
        u1_0.last_logout_at,
        u1_0.login_blocked_until,
        u1_0.name,
        u1_0.password,
        u1_0.phone,
        u1_0.role,
        u1_0.roll_number,
        u1_0.semester,
        u1_0.updated_at 
    from
        users u1_0
Hibernate: 
    select
        s1_0.id,
        s1_0.branch,
        s1_0.semester,
        s1_0.subject_code,
        s1_0.subject_name 
    from
        subjects s1_0
Hibernate: 
    select
        t1_0.id,
        t1_0.branch,
        t1_0.day,
        t1_0.end_time,
        t1_0.semester,
        t1_0.start_time,
        t1_0.subject_id,
        t1_0.teacher_id 
    from
        timetables t1_0
Hibernate: 
    select
        a1_0.id,
        a1_0.attendance_time,
        a1_0.geo_verified,
        a1_0.status,
        a1_0.student_id,
        a1_0.subject 
    from
        attendance a1_0
Hibernate: 
    select
        cs1_0.id,
        cs1_0.actual_ended_at,
        cs1_0.actual_started_at,
        cs1_0.branch,
        cs1_0.created_at,
        cs1_0.end_time,
        cs1_0.semester,
        cs1_0.start_time,
        cs1_0.status,
        cs1_0.subject_name,
        cs1_0.teacher_id 
    from
        class_sessions cs1_0
Hibernate: 
    select
        count(*) 
    from
        users u1_0
Hibernate: 
    select
        u1_0.id,
        u1_0.branch,
        u1_0.created_at,
        u1_0.department,
        u1_0.device_id,
        u1_0.email,
        u1_0.last_logout_at,
        u1_0.login_blocked_until,
        u1_0.name,
        u1_0.password,
        u1_0.phone,
        u1_0.role,
        u1_0.roll_number,
        u1_0.semester,
        u1_0.updated_at 
    from
        users u1_0
Hibernate: 
    select
        u1_0.id,
        u1_0.branch,
        u1_0.created_at,
        u1_0.department,
        u1_0.device_id,
        u1_0.email,
        u1_0.last_logout_at,
        u1_0.login_blocked_until,
        u1_0.name,
        u1_0.password,
        u1_0.phone,
        u1_0.role,
        u1_0.roll_number,
        u1_0.semester,
        u1_0.updated_at 
    from
        users u1_0
Hibernate: 
    select
        count(*) 
    from
        subjects s1_0
Hibernate: 
    select
        count(*) 
    from
        attendance a1_0
Hibernate: 
    select
        count(*) 
    from
        class_sessions cs1_0
Hibernate: 
    select
        u1_0.id,
        u1_0.branch,
        u1_0.created_at,
        u1_0.department,
        u1_0.device_id,
        u1_0.email,
        u1_0.last_logout_at,
        u1_0.login_blocked_until,
        u1_0.name,
        u1_0.password,
        u1_0.phone,
        u1_0.role,
        u1_0.roll_number,
        u1_0.semester,
        u1_0.updated_at 
    from
        users u1_0 
    where
        u1_0.email=?
Hibernate: 
    select
        t1_0.id,
        t1_0.branch,
        t1_0.day,
        t1_0.end_time,
        t1_0.semester,
        t1_0.start_time,
        t1_0.subject_id,
        t1_0.teacher_id 
    from
        timetables t1_0 
    where
        t1_0.id=?
Hibernate: 
    delete 
    from
        timetables 
    where
        id=?
Hibernate: 
    select
        u1_0.id,
        u1_0.branch,
        u1_0.created_at,
        u1_0.department,
        u1_0.device_id,
        u1_0.email,
        u1_0.last_logout_at,
        u1_0.login_blocked_until,
        u1_0.name,
        u1_0.password,
        u1_0.phone,
        u1_0.role,
        u1_0.roll_number,
        u1_0.semester,
        u1_0.updated_at 
    from
        users u1_0 
    where
        u1_0.email=?
Hibernate: 
    select
        u1_0.id,
        u1_0.branch,
        u1_0.created_at,
        u1_0.department,
        u1_0.device_id,
        u1_0.email,
        u1_0.last_logout_at,
        u1_0.login_blocked_until,
        u1_0.name,
        u1_0.password,
        u1_0.phone,
        u1_0.role,
        u1_0.roll_number,
        u1_0.semester,
        u1_0.updated_at 
    from
        users u1_0
Hibernate: 
    select
        s1_0.id,
        s1_0.branch,
        s1_0.semester,
        s1_0.subject_code,
        s1_0.subject_name 
    from
        subjects s1_0
Hibernate: 
    select
        t1_0.id,
        t1_0.branch,
        t1_0.day,
        t1_0.end_time,
        t1_0.semester,
        t1_0.start_time,
        t1_0.subject_id,
        t1_0.teacher_id 
    from
        timetables t1_0
Hibernate: 
    select
        a1_0.id,
        a1_0.attendance_time,
        a1_0.geo_verified,
        a1_0.status,
        a1_0.student_id,
        a1_0.subject 
    from
        attendance a1_0
Hibernate: 
    select
        cs1_0.id,
        cs1_0.actual_ended_at,
        cs1_0.actual_started_at,
        cs1_0.branch,
        cs1_0.created_at,
        cs1_0.end_time,
        cs1_0.semester,
        cs1_0.start_time,
        cs1_0.status,
        cs1_0.subject_name,
        cs1_0.teacher_id 
    from
        class_sessions cs1_0
Hibernate: 
    select
        count(*) 
    from
        users u1_0
Hibernate: 
    select
        u1_0.id,
        u1_0.branch,
        u1_0.created_at,
        u1_0.department,
        u1_0.device_id,
        u1_0.email,
        u1_0.last_logout_at,
        u1_0.login_blocked_until,
        u1_0.name,
        u1_0.password,
        u1_0.phone,
        u1_0.role,
        u1_0.roll_number,
        u1_0.semester,
        u1_0.updated_at 
    from
        users u1_0
Hibernate: 
    select
        u1_0.id,
        u1_0.branch,
        u1_0.created_at,
        u1_0.department,
        u1_0.device_id,
        u1_0.email,
        u1_0.last_logout_at,
        u1_0.login_blocked_until,
        u1_0.name,
        u1_0.password,
        u1_0.phone,
        u1_0.role,
        u1_0.roll_number,
        u1_0.semester,
        u1_0.updated_at 
    from
        users u1_0
Hibernate: 
    select
        count(*) 
    from
        subjects s1_0
Hibernate: 
    select
        count(*) 
    from
        attendance a1_0
Hibernate: 
    select
        count(*) 
    from
        class_sessions cs1_0
Hibernate: 
    select
        u1_0.id,
        u1_0.branch,
        u1_0.created_at,
        u1_0.department,
        u1_0.device_id,
        u1_0.email,
        u1_0.last_logout_at,
        u1_0.login_blocked_until,
        u1_0.name,
        u1_0.password,
        u1_0.phone,
        u1_0.role,
        u1_0.roll_number,
        u1_0.semester,
        u1_0.updated_at 
    from
        users u1_0 
    where
        u1_0.email=?
Hibernate: 
    select
        t1_0.id,
        t1_0.branch,
        t1_0.day,
        t1_0.end_time,
        t1_0.semester,
        t1_0.start_time,
        t1_0.subject_id,
        t1_0.teacher_id 
    from
        timetables t1_0 
    where
        t1_0.id=?
Hibernate: 
    delete 
    from
        timetables 
    where
        id=?
Hibernate: 
    select
        u1_0.id,
        u1_0.branch,
        u1_0.created_at,
        u1_0.department,
        u1_0.device_id,
        u1_0.email,
        u1_0.last_logout_at,
        u1_0.login_blocked_until,
        u1_0.name,
        u1_0.password,
        u1_0.phone,
        u1_0.role,
        u1_0.roll_number,
        u1_0.semester,
        u1_0.updated_at 
    from
        users u1_0 
    where
        u1_0.email=?
Hibernate: 
    select
        u1_0.id,
        u1_0.branch,
        u1_0.created_at,
        u1_0.department,
        u1_0.device_id,
        u1_0.email,
        u1_0.last_logout_at,
        u1_0.login_blocked_until,
        u1_0.name,
        u1_0.password,
        u1_0.phone,
        u1_0.role,
        u1_0.roll_number,
        u1_0.semester,
        u1_0.updated_at 
    from
        users u1_0
Hibernate: 
    select
        s1_0.id,
        s1_0.branch,
        s1_0.semester,
        s1_0.subject_code,
        s1_0.subject_name 
    from
        subjects s1_0
Hibernate: 
    select
        t1_0.id,
        t1_0.branch,
        t1_0.day,
        t1_0.end_time,
        t1_0.semester,
        t1_0.start_time,
        t1_0.subject_id,
        t1_0.teacher_id 
    from
        timetables t1_0
Hibernate: 
    select
        a1_0.id,
        a1_0.attendance_time,
        a1_0.geo_verified,
        a1_0.status,
        a1_0.student_id,
        a1_0.subject 
    from
        attendance a1_0
Hibernate: 
    select
        cs1_0.id,
        cs1_0.actual_ended_at,
        cs1_0.actual_started_at,
        cs1_0.branch,
        cs1_0.created_at,
        cs1_0.end_time,
        cs1_0.semester,
        cs1_0.start_time,
        cs1_0.status,
        cs1_0.subject_name,
        cs1_0.teacher_id 
    from
        class_sessions cs1_0
Hibernate: 
    select
        count(*) 
    from
        users u1_0
Hibernate: 
    select
        u1_0.id,
        u1_0.branch,
        u1_0.created_at,
        u1_0.department,
        u1_0.device_id,
        u1_0.email,
        u1_0.last_logout_at,
        u1_0.login_blocked_until,
        u1_0.name,
        u1_0.password,
        u1_0.phone,
        u1_0.role,
        u1_0.roll_number,
        u1_0.semester,
        u1_0.updated_at 
    from
        users u1_0
Hibernate: 
    select
        u1_0.id,
        u1_0.branch,
        u1_0.created_at,
        u1_0.department,
        u1_0.device_id,
        u1_0.email,
        u1_0.last_logout_at,
        u1_0.login_blocked_until,
        u1_0.name,
        u1_0.password,
        u1_0.phone,
        u1_0.role,
        u1_0.roll_number,
        u1_0.semester,
        u1_0.updated_at 
    from
        users u1_0
Hibernate: 
    select
        count(*) 
    from
        subjects s1_0
Hibernate: 
    select
        count(*) 
    from
        attendance a1_0
Hibernate: 
    select
        count(*) 
    from
        class_sessions cs1_0
Hibernate: 
    select
        u1_0.id,
        u1_0.branch,
        u1_0.created_at,
        u1_0.department,
        u1_0.device_id,
        u1_0.email,
        u1_0.last_logout_at,
        u1_0.login_blocked_until,
        u1_0.name,
        u1_0.password,
        u1_0.phone,
        u1_0.role,
        u1_0.roll_number,
        u1_0.semester,
        u1_0.updated_at 
    from
        users u1_0 
    where
        u1_0.email=?
Hibernate: 
    select
        t1_0.id,
        t1_0.branch,
        t1_0.day,
        t1_0.end_time,
        t1_0.semester,
        t1_0.start_time,
        t1_0.subject_id,
        t1_0.teacher_id 
    from
        timetables t1_0 
    where
        t1_0.id=?
Hibernate: 
    delete 
    from
        timetables 
    where
        id=?
Hibernate: 
    select
        u1_0.id,
        u1_0.branch,
        u1_0.created_at,
        u1_0.department,
        u1_0.device_id,
        u1_0.email,
        u1_0.last_logout_at,
        u1_0.login_blocked_until,
        u1_0.name,
        u1_0.password,
        u1_0.phone,
        u1_0.role,
        u1_0.roll_number,
        u1_0.semester,
        u1_0.updated_at 
    from
        users u1_0 
    where
        u1_0.email=?
Hibernate: 
    select
        u1_0.id,
        u1_0.branch,
        u1_0.created_at,
        u1_0.department,
        u1_0.device_id,
        u1_0.email,
        u1_0.last_logout_at,
        u1_0.login_blocked_until,
        u1_0.name,
        u1_0.password,
        u1_0.phone,
        u1_0.role,
        u1_0.roll_number,
        u1_0.semester,
        u1_0.updated_at 
    from
        users u1_0
Hibernate: 
    select
        s1_0.id,
        s1_0.branch,
        s1_0.semester,
        s1_0.subject_code,
        s1_0.subject_name 
    from
        subjects s1_0
Hibernate: 
    select
        t1_0.id,
        t1_0.branch,
        t1_0.day,
        t1_0.end_time,
        t1_0.semester,
        t1_0.start_time,
        t1_0.subject_id,
        t1_0.teacher_id 
    from
        timetables t1_0
Hibernate: 
    select
        a1_0.id,
        a1_0.attendance_time,
        a1_0.geo_verified,
        a1_0.status,
        a1_0.student_id,
        a1_0.subject 
    from
        attendance a1_0
Hibernate: 
    select
        cs1_0.id,
        cs1_0.actual_ended_at,
        cs1_0.actual_started_at,
        cs1_0.branch,
        cs1_0.created_at,
        cs1_0.end_time,
        cs1_0.semester,
        cs1_0.start_time,
        cs1_0.status,
        cs1_0.subject_name,
        cs1_0.teacher_id 
    from
        class_sessions cs1_0
Hibernate: 
    select
        count(*) 
    from
        users u1_0
Hibernate: 
    select
        u1_0.id,
        u1_0.branch,
        u1_0.created_at,
        u1_0.department,
        u1_0.device_id,
        u1_0.email,
        u1_0.last_logout_at,
        u1_0.login_blocked_until,
        u1_0.name,
        u1_0.password,
        u1_0.phone,
        u1_0.role,
        u1_0.roll_number,
        u1_0.semester,
        u1_0.updated_at 
    from
        users u1_0
Hibernate: 
    select
        u1_0.id,
        u1_0.branch,
        u1_0.created_at,
        u1_0.department,
        u1_0.device_id,
        u1_0.email,
        u1_0.last_logout_at,
        u1_0.login_blocked_until,
        u1_0.name,
        u1_0.password,
        u1_0.phone,
        u1_0.role,
        u1_0.roll_number,
        u1_0.semester,
        u1_0.updated_at 
    from
        users u1_0
Hibernate: 
    select
        count(*) 
    from
        subjects s1_0
Hibernate: 
    select
        count(*) 
    from
        attendance a1_0
Hibernate: 
    select
        count(*) 
    from
        class_sessions cs1_0
Hibernate: 
    select
        u1_0.id,
        u1_0.branch,
        u1_0.created_at,
        u1_0.department,
        u1_0.device_id,
        u1_0.email,
        u1_0.last_logout_at,
        u1_0.login_blocked_until,
        u1_0.name,
        u1_0.password,
        u1_0.phone,
        u1_0.role,
        u1_0.roll_number,
        u1_0.semester,
        u1_0.updated_at 
    from
        users u1_0 
    where
        u1_0.email=?
Hibernate: 
    select
        u1_0.id,
        u1_0.branch,
        u1_0.created_at,
        u1_0.department,
        u1_0.device_id,
        u1_0.email,
        u1_0.last_logout_at,
        u1_0.login_blocked_until,
        u1_0.name,
        u1_0.password,
        u1_0.phone,
        u1_0.role,
        u1_0.roll_number,
        u1_0.semester,
        u1_0.updated_at 
    from
        users u1_0
Hibernate: 
    select
        s1_0.id,
        s1_0.branch,
        s1_0.semester,
        s1_0.subject_code,
        s1_0.subject_name 
    from
        subjects s1_0
Hibernate: 
    select
        t1_0.id,
        t1_0.branch,
        t1_0.day,
        t1_0.end_time,
        t1_0.semester,
        t1_0.start_time,
        t1_0.subject_id,
        t1_0.teacher_id 
    from
        timetables t1_0
Hibernate: 
    select
        a1_0.id,
        a1_0.attendance_time,
        a1_0.geo_verified,
        a1_0.status,
        a1_0.student_id,
        a1_0.subject 
    from
        attendance a1_0
Hibernate: 
    select
        cs1_0.id,
        cs1_0.actual_ended_at,
        cs1_0.actual_started_at,
        cs1_0.branch,
        cs1_0.created_at,
        cs1_0.end_time,
        cs1_0.semester,
        cs1_0.start_time,
        cs1_0.status,
        cs1_0.subject_name,
        cs1_0.teacher_id 
    from
        class_sessions cs1_0
Hibernate: 
    select
        count(*) 
    from
        users u1_0
Hibernate: 
    select
        u1_0.id,
        u1_0.branch,
        u1_0.created_at,
        u1_0.department,
        u1_0.device_id,
        u1_0.email,
        u1_0.last_logout_at,
        u1_0.login_blocked_until,
        u1_0.name,
        u1_0.password,
        u1_0.phone,
        u1_0.role,
        u1_0.roll_number,
        u1_0.semester,
        u1_0.updated_at 
    from
        users u1_0
Hibernate: 
    select
        u1_0.id,
        u1_0.branch,
        u1_0.created_at,
        u1_0.department,
        u1_0.device_id,
        u1_0.email,
        u1_0.last_logout_at,
        u1_0.login_blocked_until,
        u1_0.name,
        u1_0.password,
        u1_0.phone,
        u1_0.role,
        u1_0.roll_number,
        u1_0.semester,
        u1_0.updated_at 
    from
        users u1_0
Hibernate: 
    select
        count(*) 
    from
        subjects s1_0
Hibernate: 
    select
        count(*) 
    from
        attendance a1_0
Hibernate: 
    select
        count(*) 
    from
        class_sessions cs1_0
Hibernate: 
    select
        u1_0.id,
        u1_0.branch,
        u1_0.created_at,
        u1_0.department,
        u1_0.device_id,
        u1_0.email,
        u1_0.last_logout_at,
        u1_0.login_blocked_until,
        u1_0.name,
        u1_0.password,
        u1_0.phone,
        u1_0.role,
        u1_0.roll_number,
        u1_0.semester,
        u1_0.updated_at 
    from
        users u1_0 
    where
        u1_0.email=?
Hibernate: 
    select
        u1_0.id,
        u1_0.branch,
        u1_0.created_at,
        u1_0.department,
        u1_0.device_id,
        u1_0.email,
        u1_0.last_logout_at,
        u1_0.login_blocked_until,
        u1_0.name,
        u1_0.password,
        u1_0.phone,
        u1_0.role,
        u1_0.roll_number,
        u1_0.semester,
        u1_0.updated_at 
    from
        users u1_0
Hibernate: 
    select
        s1_0.id,
        s1_0.branch,
        s1_0.semester,
        s1_0.subject_code,
        s1_0.subject_name 
    from
        subjects s1_0
Hibernate: 
    select
        t1_0.id,
        t1_0.branch,
        t1_0.day,
        t1_0.end_time,
        t1_0.semester,
        t1_0.start_time,
        t1_0.subject_id,
        t1_0.teacher_id 
    from
        timetables t1_0
Hibernate: 
    select
        a1_0.id,
        a1_0.attendance_time,
        a1_0.geo_verified,
        a1_0.status,
        a1_0.student_id,
        a1_0.subject 
    from
        attendance a1_0
Hibernate: 
    select
        cs1_0.id,
        cs1_0.actual_ended_at,
        cs1_0.actual_started_at,
        cs1_0.branch,
        cs1_0.created_at,
        cs1_0.end_time,
        cs1_0.semester,
        cs1_0.start_time,
        cs1_0.status,
        cs1_0.subject_name,
        cs1_0.teacher_id 
    from
        class_sessions cs1_0
Hibernate: 
    select
        count(*) 
    from
        users u1_0
Hibernate: 
    select
        u1_0.id,
        u1_0.branch,
        u1_0.created_at,
        u1_0.department,
        u1_0.device_id,
        u1_0.email,
        u1_0.last_logout_at,
        u1_0.login_blocked_until,
        u1_0.name,
        u1_0.password,
        u1_0.phone,
        u1_0.role,
        u1_0.roll_number,
        u1_0.semester,
        u1_0.updated_at 
    from
        users u1_0
Hibernate: 
    select
        u1_0.id,
        u1_0.branch,
        u1_0.created_at,
        u1_0.department,
        u1_0.device_id,
        u1_0.email,
        u1_0.last_logout_at,
        u1_0.login_blocked_until,
        u1_0.name,
        u1_0.password,
        u1_0.phone,
        u1_0.role,
        u1_0.roll_number,
        u1_0.semester,
        u1_0.updated_at 
    from
        users u1_0
Hibernate: 
    select
        count(*) 
    from
        subjects s1_0
Hibernate: 
    select
        count(*) 
    from
        attendance a1_0
Hibernate: 
    select
        count(*) 
    from
        class_sessions cs1_0
Hibernate: 
    select
        u1_0.id,
        u1_0.branch,
        u1_0.created_at,
        u1_0.department,
        u1_0.device_id,
        u1_0.email,
        u1_0.last_logout_at,
        u1_0.login_blocked_until,
        u1_0.name,
        u1_0.password,
        u1_0.phone,
        u1_0.role,
        u1_0.roll_number,
        u1_0.semester,
        u1_0.updated_at 
    from
        users u1_0 
    where
        u1_0.email=?
Hibernate: 
    select
        u1_0.id,
        u1_0.branch,
        u1_0.created_at,
        u1_0.department,
        u1_0.device_id,
        u1_0.email,
        u1_0.last_logout_at,
        u1_0.login_blocked_until,
        u1_0.name,
        u1_0.password,
        u1_0.phone,
        u1_0.role,
        u1_0.roll_number,
        u1_0.semester,
        u1_0.updated_at 
    from
        users u1_0
Hibernate: 
    select
        s1_0.id,
        s1_0.branch,
        s1_0.semester,
        s1_0.subject_code,
        s1_0.subject_name 
    from
        subjects s1_0
Hibernate: 
    select
        t1_0.id,
        t1_0.branch,
        t1_0.day,
        t1_0.end_time,
        t1_0.semester,
        t1_0.start_time,
        t1_0.subject_id,
        t1_0.teacher_id 
    from
        timetables t1_0
Hibernate: 
    select
        a1_0.id,
        a1_0.attendance_time,
        a1_0.geo_verified,
        a1_0.status,
        a1_0.student_id,
        a1_0.subject 
    from
        attendance a1_0
Hibernate: 
    select
        cs1_0.id,
        cs1_0.actual_ended_at,
        cs1_0.actual_started_at,
        cs1_0.branch,
        cs1_0.created_at,
        cs1_0.end_time,
        cs1_0.semester,
        cs1_0.start_time,
        cs1_0.status,
        cs1_0.subject_name,
        cs1_0.teacher_id 
    from
        class_sessions cs1_0
Hibernate: 
    select
        count(*) 
    from
        users u1_0
Hibernate: 
    select
        u1_0.id,
        u1_0.branch,
        u1_0.created_at,
        u1_0.department,
        u1_0.device_id,
        u1_0.email,
        u1_0.last_logout_at,
        u1_0.login_blocked_until,
        u1_0.name,
        u1_0.password,
        u1_0.phone,
        u1_0.role,
        u1_0.roll_number,
        u1_0.semester,
        u1_0.updated_at 
    from
        users u1_0
Hibernate: 
    select
        u1_0.id,
        u1_0.branch,
        u1_0.created_at,
        u1_0.department,
        u1_0.device_id,
        u1_0.email,
        u1_0.last_logout_at,
        u1_0.login_blocked_until,
        u1_0.name,
        u1_0.password,
        u1_0.phone,
        u1_0.role,
        u1_0.roll_number,
        u1_0.semester,
        u1_0.updated_at 
    from
        users u1_0
Hibernate: 
    select
        count(*) 
    from
        subjects s1_0
Hibernate: 
    select
        count(*) 
    from
        attendance a1_0
Hibernate: 
    select
        count(*) 
    from
        class_sessions cs1_0
Hibernate: 
    select
        u1_0.id,
        u1_0.branch,
        u1_0.created_at,
        u1_0.department,
        u1_0.device_id,
        u1_0.email,
        u1_0.last_logout_at,
        u1_0.login_blocked_until,
        u1_0.name,
        u1_0.password,
        u1_0.phone,
        u1_0.role,
        u1_0.roll_number,
        u1_0.semester,
        u1_0.updated_at 
    from
        users u1_0 
    where
        u1_0.email=?
Hibernate: 
    select
        t1_0.id,
        t1_0.branch,
        t1_0.day,
        t1_0.end_time,
        t1_0.semester,
        t1_0.start_time,
        t1_0.subject_id,
        t1_0.teacher_id 
    from
        timetables t1_0 
    where
        t1_0.id=?
Hibernate: 
    delete 
    from
        timetables 
    where
        id=?
Hibernate: 
    select
        u1_0.id,
        u1_0.branch,
        u1_0.created_at,
        u1_0.department,
        u1_0.device_id,
        u1_0.email,
        u1_0.last_logout_at,
        u1_0.login_blocked_until,
        u1_0.name,
        u1_0.password,
        u1_0.phone,
        u1_0.role,
        u1_0.roll_number,
        u1_0.semester,
        u1_0.updated_at 
    from
        users u1_0 
    where
        u1_0.email=?
Hibernate: 
    select
        u1_0.id,
        u1_0.branch,
        u1_0.created_at,
        u1_0.department,
        u1_0.device_id,
        u1_0.email,
        u1_0.last_logout_at,
        u1_0.login_blocked_until,
        u1_0.name,
        u1_0.password,
        u1_0.phone,
        u1_0.role,
        u1_0.roll_number,
        u1_0.semester,
        u1_0.updated_at 
    from
        users u1_0
Hibernate: 
    select
        s1_0.id,
        s1_0.branch,
        s1_0.semester,
        s1_0.subject_code,
        s1_0.subject_name 
    from
        subjects s1_0
Hibernate: 
    select
        t1_0.id,
        t1_0.branch,
        t1_0.day,
        t1_0.end_time,
        t1_0.semester,
        t1_0.start_time,
        t1_0.subject_id,
        t1_0.teacher_id 
    from
        timetables t1_0
Hibernate: 
    select
        a1_0.id,
        a1_0.attendance_time,
        a1_0.geo_verified,
        a1_0.status,
        a1_0.student_id,
        a1_0.subject 
    from
        attendance a1_0
Hibernate: 
    select
        cs1_0.id,
        cs1_0.actual_ended_at,
        cs1_0.actual_started_at,
        cs1_0.branch,
        cs1_0.created_at,
        cs1_0.end_time,
        cs1_0.semester,
        cs1_0.start_time,
        cs1_0.status,
        cs1_0.subject_name,
        cs1_0.teacher_id 
    from
        class_sessions cs1_0
Hibernate: 
    select
        count(*) 
    from
        users u1_0
Hibernate: 
    select
        u1_0.id,
        u1_0.branch,
        u1_0.created_at,
        u1_0.department,
        u1_0.device_id,
        u1_0.email,
        u1_0.last_logout_at,
        u1_0.login_blocked_until,
        u1_0.name,
        u1_0.password,
        u1_0.phone,
        u1_0.role,
        u1_0.roll_number,
        u1_0.semester,
        u1_0.updated_at 
    from
        users u1_0
Hibernate: 
    select
        u1_0.id,
        u1_0.branch,
        u1_0.created_at,
        u1_0.department,
        u1_0.device_id,
        u1_0.email,
        u1_0.last_logout_at,
        u1_0.login_blocked_until,
        u1_0.name,
        u1_0.password,
        u1_0.phone,
        u1_0.role,
        u1_0.roll_number,
        u1_0.semester,
        u1_0.updated_at 
    from
        users u1_0
Hibernate: 
    select
        count(*) 
    from
        subjects s1_0
Hibernate: 
    select
        count(*) 
    from
        attendance a1_0
Hibernate: 
    select
        count(*) 
    from
        class_sessions cs1_0
Hibernate: 
    select
        u1_0.id,
        u1_0.branch,
        u1_0.created_at,
        u1_0.department,
        u1_0.device_id,
        u1_0.email,
        u1_0.last_logout_at,
        u1_0.login_blocked_until,
        u1_0.name,
        u1_0.password,
        u1_0.phone,
        u1_0.role,
        u1_0.roll_number,
        u1_0.semester,
        u1_0.updated_at 
    from
        users u1_0 
    where
        u1_0.email=?
Hibernate: 
    select
        u1_0.id,
        u1_0.branch,
        u1_0.created_at,
        u1_0.department,
        u1_0.device_id,
        u1_0.email,
        u1_0.last_logout_at,
        u1_0.login_blocked_until,
        u1_0.name,
        u1_0.password,
        u1_0.phone,
        u1_0.role,
        u1_0.roll_number,
        u1_0.semester,
        u1_0.updated_at 
    from
        users u1_0
Hibernate: 
    select
        s1_0.id,
        s1_0.branch,
        s1_0.semester,
        s1_0.subject_code,
        s1_0.subject_name 
    from
        subjects s1_0
Hibernate: 
    select
        t1_0.id,
        t1_0.branch,
        t1_0.day,
        t1_0.end_time,
        t1_0.semester,
        t1_0.start_time,
        t1_0.subject_id,
        t1_0.teacher_id 
    from
        timetables t1_0
Hibernate: 
    select
        a1_0.id,
        a1_0.attendance_time,
        a1_0.geo_verified,
        a1_0.status,
        a1_0.student_id,
        a1_0.subject 
    from
        attendance a1_0
Hibernate: 
    select
        cs1_0.id,
        cs1_0.actual_ended_at,
        cs1_0.actual_started_at,
        cs1_0.branch,
        cs1_0.created_at,
        cs1_0.end_time,
        cs1_0.semester,
        cs1_0.start_time,
        cs1_0.status,
        cs1_0.subject_name,
        cs1_0.teacher_id 
    from
        class_sessions cs1_0
Hibernate: 
    select
        count(*) 
    from
        users u1_0
Hibernate: 
    select
        u1_0.id,
        u1_0.branch,
        u1_0.created_at,
        u1_0.department,
        u1_0.device_id,
        u1_0.email,
        u1_0.last_logout_at,
        u1_0.login_blocked_until,
        u1_0.name,
        u1_0.password,
        u1_0.phone,
        u1_0.role,
        u1_0.roll_number,
        u1_0.semester,
        u1_0.updated_at 
    from
        users u1_0
Hibernate: 
    select
        u1_0.id,
        u1_0.branch,
        u1_0.created_at,
        u1_0.department,
        u1_0.device_id,
        u1_0.email,
        u1_0.last_logout_at,
        u1_0.login_blocked_until,
        u1_0.name,
        u1_0.password,
        u1_0.phone,
        u1_0.role,
        u1_0.roll_number,
        u1_0.semester,
        u1_0.updated_at 
    from
        users u1_0
Hibernate: 
    select
        count(*) 
    from
        subjects s1_0
Hibernate: 
    select
        count(*) 
    from
        attendance a1_0
Hibernate: 
    select
        count(*) 
    from
        class_sessions cs1_0
Hibernate: 
    select
        u1_0.id,
        u1_0.branch,
        u1_0.created_at,
        u1_0.department,
        u1_0.device_id,
        u1_0.email,
        u1_0.last_logout_at,
        u1_0.login_blocked_until,
        u1_0.name,
        u1_0.password,
        u1_0.phone,
        u1_0.role,
        u1_0.roll_number,
        u1_0.semester,
        u1_0.updated_at 
    from
        users u1_0 
    where
        u1_0.email=?
Hibernate: 
    select
        u1_0.id,
        u1_0.branch,
        u1_0.created_at,
        u1_0.department,
        u1_0.device_id,
        u1_0.email,
        u1_0.last_logout_at,
        u1_0.login_blocked_until,
        u1_0.name,
        u1_0.password,
        u1_0.phone,
        u1_0.role,
        u1_0.roll_number,
        u1_0.semester,
        u1_0.updated_at 
    from
        users u1_0
Hibernate: 
    select
        s1_0.id,
        s1_0.branch,
        s1_0.semester,
        s1_0.subject_code,
        s1_0.subject_name 
    from
        subjects s1_0
Hibernate: 
    select
        t1_0.id,
        t1_0.branch,
        t1_0.day,
        t1_0.end_time,
        t1_0.semester,
        t1_0.start_time,
        t1_0.subject_id,
        t1_0.teacher_id 
    from
        timetables t1_0
Hibernate: 
    select
        a1_0.id,
        a1_0.attendance_time,
        a1_0.geo_verified,
        a1_0.status,
        a1_0.student_id,
        a1_0.subject 
    from
        attendance a1_0
Hibernate: 
    select
        cs1_0.id,
        cs1_0.actual_ended_at,
        cs1_0.actual_started_at,
        cs1_0.branch,
        cs1_0.created_at,
        cs1_0.end_time,
        cs1_0.semester,
        cs1_0.start_time,
        cs1_0.status,
        cs1_0.subject_name,
        cs1_0.teacher_id 
    from
        class_sessions cs1_0
Hibernate: 
    select
        count(*) 
    from
        users u1_0
Hibernate: 
    select
        u1_0.id,
        u1_0.branch,
        u1_0.created_at,
        u1_0.department,
        u1_0.device_id,
        u1_0.email,
        u1_0.last_logout_at,
        u1_0.login_blocked_until,
        u1_0.name,
        u1_0.password,
        u1_0.phone,
        u1_0.role,
        u1_0.roll_number,
        u1_0.semester,
        u1_0.updated_at 
    from
        users u1_0
Hibernate: 
    select
        u1_0.id,
        u1_0.branch,
        u1_0.created_at,
        u1_0.department,
        u1_0.device_id,
        u1_0.email,
        u1_0.last_logout_at,
        u1_0.login_blocked_until,
        u1_0.name,
        u1_0.password,
        u1_0.phone,
        u1_0.role,
        u1_0.roll_number,
        u1_0.semester,
        u1_0.updated_at 
    from
        users u1_0
Hibernate: 
    select
        count(*) 
    from
        subjects s1_0
Hibernate: 
    select
        count(*) 
    from
        attendance a1_0
Hibernate: 
    select
        count(*) 
    from
        class_sessions cs1_0
Hibernate: 
    select
        u1_0.id,
        u1_0.branch,
        u1_0.created_at,
        u1_0.department,
        u1_0.device_id,
        u1_0.email,
        u1_0.last_logout_at,
        u1_0.login_blocked_until,
        u1_0.name,
        u1_0.password,
        u1_0.phone,
        u1_0.role,
        u1_0.roll_number,
        u1_0.semester,
        u1_0.updated_at 
    from
        users u1_0 
    where
        u1_0.email=?
Hibernate: 
    select
        s1_0.id,
        s1_0.branch,
        s1_0.semester,
        s1_0.subject_code,
        s1_0.subject_name 
    from
        subjects s1_0 
    where
        s1_0.id=?
Hibernate: 
    delete 
    from
        subjects 
    where
        id=?
Hibernate: 
    select
        u1_0.id,
        u1_0.branch,
        u1_0.created_at,
        u1_0.department,
        u1_0.device_id,
        u1_0.email,
        u1_0.last_logout_at,
        u1_0.login_blocked_until,
        u1_0.name,
        u1_0.password,
        u1_0.phone,
        u1_0.role,
        u1_0.roll_number,
        u1_0.semester,
        u1_0.updated_at 
    from
        users u1_0 
    where
        u1_0.email=?
Hibernate: 
    select
        u1_0.id,
        u1_0.branch,
        u1_0.created_at,
        u1_0.department,
        u1_0.device_id,
        u1_0.email,
        u1_0.last_logout_at,
        u1_0.login_blocked_until,
        u1_0.name,
        u1_0.password,
        u1_0.phone,
        u1_0.role,
        u1_0.roll_number,
        u1_0.semester,
        u1_0.updated_at 
    from
        users u1_0
Hibernate: 
    select
        s1_0.id,
        s1_0.branch,
        s1_0.semester,
        s1_0.subject_code,
        s1_0.subject_name 
    from
        subjects s1_0
Hibernate: 
    select
        t1_0.id,
        t1_0.branch,
        t1_0.day,
        t1_0.end_time,
        t1_0.semester,
        t1_0.start_time,
        t1_0.subject_id,
        t1_0.teacher_id 
    from
        timetables t1_0
Hibernate: 
    select
        a1_0.id,
        a1_0.attendance_time,
        a1_0.geo_verified,
        a1_0.status,
        a1_0.student_id,
        a1_0.subject 
    from
        attendance a1_0
Hibernate: 
    select
        cs1_0.id,
        cs1_0.actual_ended_at,
        cs1_0.actual_started_at,
        cs1_0.branch,
        cs1_0.created_at,
        cs1_0.end_time,
        cs1_0.semester,
        cs1_0.start_time,
        cs1_0.status,
        cs1_0.subject_name,
        cs1_0.teacher_id 
    from
        class_sessions cs1_0
Hibernate: 
    select
        count(*) 
    from
        users u1_0
Hibernate: 
    select
        u1_0.id,
        u1_0.branch,
        u1_0.created_at,
        u1_0.department,
        u1_0.device_id,
        u1_0.email,
        u1_0.last_logout_at,
        u1_0.login_blocked_until,
        u1_0.name,
        u1_0.password,
        u1_0.phone,
        u1_0.role,
        u1_0.roll_number,
        u1_0.semester,
        u1_0.updated_at 
    from
        users u1_0
Hibernate: 
    select
        u1_0.id,
        u1_0.branch,
        u1_0.created_at,
        u1_0.department,
        u1_0.device_id,
        u1_0.email,
        u1_0.last_logout_at,
        u1_0.login_blocked_until,
        u1_0.name,
        u1_0.password,
        u1_0.phone,
        u1_0.role,
        u1_0.roll_number,
        u1_0.semester,
        u1_0.updated_at 
    from
        users u1_0
Hibernate: 
    select
        count(*) 
    from
        subjects s1_0
Hibernate: 
    select
        count(*) 
    from
        attendance a1_0
Hibernate: 
    select
        count(*) 
    from
        class_sessions cs1_0
Hibernate: 
    select
        u1_0.id,
        u1_0.branch,
        u1_0.created_at,
        u1_0.department,
        u1_0.device_id,
        u1_0.email,
        u1_0.last_logout_at,
        u1_0.login_blocked_until,
        u1_0.name,
        u1_0.password,
        u1_0.phone,
        u1_0.role,
        u1_0.roll_number,
        u1_0.semester,
        u1_0.updated_at 
    from
        users u1_0 
    where
        u1_0.email=?
Hibernate: 
    insert 
    into
        subjects
        (branch, semester, subject_code, subject_name) 
    values
        (?, ?, ?, ?)
Hibernate: 
    select
        u1_0.id,
        u1_0.branch,
        u1_0.created_at,
        u1_0.department,
        u1_0.device_id,
        u1_0.email,
        u1_0.last_logout_at,
        u1_0.login_blocked_until,
        u1_0.name,
        u1_0.password,
        u1_0.phone,
        u1_0.role,
        u1_0.roll_number,
        u1_0.semester,
        u1_0.updated_at 
    from
        users u1_0 
    where
        u1_0.email=?
Hibernate: 
    select
        u1_0.id,
        u1_0.branch,
        u1_0.created_at,
        u1_0.department,
        u1_0.device_id,
        u1_0.email,
        u1_0.last_logout_at,
        u1_0.login_blocked_until,
        u1_0.name,
        u1_0.password,
        u1_0.phone,
        u1_0.role,
        u1_0.roll_number,
        u1_0.semester,
        u1_0.updated_at 
    from
        users u1_0
Hibernate: 
    select
        s1_0.id,
        s1_0.branch,
        s1_0.semester,
        s1_0.subject_code,
        s1_0.subject_name 
    from
        subjects s1_0
Hibernate: 
    select
        t1_0.id,
        t1_0.branch,
        t1_0.day,
        t1_0.end_time,
        t1_0.semester,
        t1_0.start_time,
        t1_0.subject_id,
        t1_0.teacher_id 
    from
        timetables t1_0
Hibernate: 
    select
        a1_0.id,
        a1_0.attendance_time,
        a1_0.geo_verified,
        a1_0.status,
        a1_0.student_id,
        a1_0.subject 
    from
        attendance a1_0
Hibernate: 
    select
        cs1_0.id,
        cs1_0.actual_ended_at,
        cs1_0.actual_started_at,
        cs1_0.branch,
        cs1_0.created_at,
        cs1_0.end_time,
        cs1_0.semester,
        cs1_0.start_time,
        cs1_0.status,
        cs1_0.subject_name,
        cs1_0.teacher_id 
    from
        class_sessions cs1_0
Hibernate: 
    select
        count(*) 
    from
        users u1_0
Hibernate: 
    select
        u1_0.id,
        u1_0.branch,
        u1_0.created_at,
        u1_0.department,
        u1_0.device_id,
        u1_0.email,
        u1_0.last_logout_at,
        u1_0.login_blocked_until,
        u1_0.name,
        u1_0.password,
        u1_0.phone,
        u1_0.role,
        u1_0.roll_number,
        u1_0.semester,
        u1_0.updated_at 
    from
        users u1_0
Hibernate: 
    select
        u1_0.id,
        u1_0.branch,
        u1_0.created_at,
        u1_0.department,
        u1_0.device_id,
        u1_0.email,
        u1_0.last_logout_at,
        u1_0.login_blocked_until,
        u1_0.name,
        u1_0.password,
        u1_0.phone,
        u1_0.role,
        u1_0.roll_number,
        u1_0.semester,
        u1_0.updated_at 
    from
        users u1_0
Hibernate: 
    select
        count(*) 
    from
        subjects s1_0
Hibernate: 
    select
        count(*) 
    from
        attendance a1_0
Hibernate: 
    select
        count(*) 
    from
        class_sessions cs1_0
Hibernate: 
    select
        u1_0.id,
        u1_0.branch,
        u1_0.created_at,
        u1_0.department,
        u1_0.device_id,
        u1_0.email,
        u1_0.last_logout_at,
        u1_0.login_blocked_until,
        u1_0.name,
        u1_0.password,
        u1_0.phone,
        u1_0.role,
        u1_0.roll_number,
        u1_0.semester,
        u1_0.updated_at 
    from
        users u1_0 
    where
        u1_0.email=?
Hibernate: 
    select
        s1_0.id,
        s1_0.branch,
        s1_0.semester,
        s1_0.subject_code,
        s1_0.subject_name 
    from
        subjects s1_0 
    where
        s1_0.id=?
Hibernate: 
    select
        u1_0.id,
        u1_0.branch,
        u1_0.created_at,
        u1_0.department,
        u1_0.device_id,
        u1_0.email,
        u1_0.last_logout_at,
        u1_0.login_blocked_until,
        u1_0.name,
        u1_0.password,
        u1_0.phone,
        u1_0.role,
        u1_0.roll_number,
        u1_0.semester,
        u1_0.updated_at 
    from
        users u1_0 
    where
        u1_0.id=?
Hibernate: 
    insert 
    into
        timetables
        (branch, day, end_time, semester, start_time, subject_id, teacher_id) 
    values
        (?, ?, ?, ?, ?, ?, ?)
Hibernate: 
    select
        u1_0.id,
        u1_0.branch,
        u1_0.created_at,
        u1_0.department,
        u1_0.device_id,
        u1_0.email,
        u1_0.last_logout_at,
        u1_0.login_blocked_until,
        u1_0.name,
        u1_0.password,
        u1_0.phone,
        u1_0.role,
        u1_0.roll_number,
        u1_0.semester,
        u1_0.updated_at 
    from
        users u1_0 
    where
        u1_0.email=?
Hibernate: 
    select
        u1_0.id,
        u1_0.branch,
        u1_0.created_at,
        u1_0.department,
        u1_0.device_id,
        u1_0.email,
        u1_0.last_logout_at,
        u1_0.login_blocked_until,
        u1_0.name,
        u1_0.password,
        u1_0.phone,
        u1_0.role,
        u1_0.roll_number,
        u1_0.semester,
        u1_0.updated_at 
    from
        users u1_0
Hibernate: 
    select
        s1_0.id,
        s1_0.branch,
        s1_0.semester,
        s1_0.subject_code,
        s1_0.subject_name 
    from
        subjects s1_0
Hibernate: 
    select
        t1_0.id,
        t1_0.branch,
        t1_0.day,
        t1_0.end_time,
        t1_0.semester,
        t1_0.start_time,
        t1_0.subject_id,
        t1_0.teacher_id 
    from
        timetables t1_0
Hibernate: 
    select
        a1_0.id,
        a1_0.attendance_time,
        a1_0.geo_verified,
        a1_0.status,
        a1_0.student_id,
        a1_0.subject 
    from
        attendance a1_0
Hibernate: 
    select
        cs1_0.id,
        cs1_0.actual_ended_at,
        cs1_0.actual_started_at,
        cs1_0.branch,
        cs1_0.created_at,
        cs1_0.end_time,
        cs1_0.semester,
        cs1_0.start_time,
        cs1_0.status,
        cs1_0.subject_name,
        cs1_0.teacher_id 
    from
        class_sessions cs1_0
Hibernate: 
    select
        count(*) 
    from
        users u1_0
Hibernate: 
    select
        u1_0.id,
        u1_0.branch,
        u1_0.created_at,
        u1_0.department,
        u1_0.device_id,
        u1_0.email,
        u1_0.last_logout_at,
        u1_0.login_blocked_until,
        u1_0.name,
        u1_0.password,
        u1_0.phone,
        u1_0.role,
        u1_0.roll_number,
        u1_0.semester,
        u1_0.updated_at 
    from
        users u1_0
Hibernate: 
    select
        u1_0.id,
        u1_0.branch,
        u1_0.created_at,
        u1_0.department,
        u1_0.device_id,
        u1_0.email,
        u1_0.last_logout_at,
        u1_0.login_blocked_until,
        u1_0.name,
        u1_0.password,
        u1_0.phone,
        u1_0.role,
        u1_0.roll_number,
        u1_0.semester,
        u1_0.updated_at 
    from
        users u1_0
Hibernate: 
    select
        count(*) 
    from
        subjects s1_0
Hibernate: 
    select
        count(*) 
    from
        attendance a1_0
Hibernate: 
    select
        count(*) 
    from
        class_sessions cs1_0
Hibernate: 
    select
        u1_0.id,
        u1_0.branch,
        u1_0.created_at,
        u1_0.department,
        u1_0.device_id,
        u1_0.email,
        u1_0.last_logout_at,
        u1_0.login_blocked_until,
        u1_0.name,
        u1_0.password,
        u1_0.phone,
        u1_0.role,
        u1_0.roll_number,
        u1_0.semester,
        u1_0.updated_at 
    from
        users u1_0 
    where
        u1_0.email=?
Hibernate: 
    select
        t1_0.id,
        t1_0.branch,
        t1_0.day,
        t1_0.end_time,
        t1_0.semester,
        t1_0.start_time,
        t1_0.subject_id,
        t1_0.teacher_id 
    from
        timetables t1_0 
    where
        t1_0.id=?
Hibernate: 
    delete 
    from
        timetables 
    where
        id=?
Hibernate: 
    select
        u1_0.id,
        u1_0.branch,
        u1_0.created_at,
        u1_0.department,
        u1_0.device_id,
        u1_0.email,
        u1_0.last_logout_at,
        u1_0.login_blocked_until,
        u1_0.name,
        u1_0.password,
        u1_0.phone,
        u1_0.role,
        u1_0.roll_number,
        u1_0.semester,
        u1_0.updated_at 
    from
        users u1_0 
    where
        u1_0.email=?
Hibernate: 
    select
        u1_0.id,
        u1_0.branch,
        u1_0.created_at,
        u1_0.department,
        u1_0.device_id,
        u1_0.email,
        u1_0.last_logout_at,
        u1_0.login_blocked_until,
        u1_0.name,
        u1_0.password,
        u1_0.phone,
        u1_0.role,
        u1_0.roll_number,
        u1_0.semester,
        u1_0.updated_at 
    from
        users u1_0
Hibernate: 
    select
        s1_0.id,
        s1_0.branch,
        s1_0.semester,
        s1_0.subject_code,
        s1_0.subject_name 
    from
        subjects s1_0
Hibernate: 
    select
        t1_0.id,
        t1_0.branch,
        t1_0.day,
        t1_0.end_time,
        t1_0.semester,
        t1_0.start_time,
        t1_0.subject_id,
        t1_0.teacher_id 
    from
        timetables t1_0
Hibernate: 
    select
        a1_0.id,
        a1_0.attendance_time,
        a1_0.geo_verified,
        a1_0.status,
        a1_0.student_id,
        a1_0.subject 
    from
        attendance a1_0
Hibernate: 
    select
        cs1_0.id,
        cs1_0.actual_ended_at,
        cs1_0.actual_started_at,
        cs1_0.branch,
        cs1_0.created_at,
        cs1_0.end_time,
        cs1_0.semester,
        cs1_0.start_time,
        cs1_0.status,
        cs1_0.subject_name,
        cs1_0.teacher_id 
    from
        class_sessions cs1_0
Hibernate: 
    select
        count(*) 
    from
        users u1_0
Hibernate: 
    select
        u1_0.id,
        u1_0.branch,
        u1_0.created_at,
        u1_0.department,
        u1_0.device_id,
        u1_0.email,
        u1_0.last_logout_at,
        u1_0.login_blocked_until,
        u1_0.name,
        u1_0.password,
        u1_0.phone,
        u1_0.role,
        u1_0.roll_number,
        u1_0.semester,
        u1_0.updated_at 
    from
        users u1_0
Hibernate: 
    select
        u1_0.id,
        u1_0.branch,
        u1_0.created_at,
        u1_0.department,
        u1_0.device_id,
        u1_0.email,
        u1_0.last_logout_at,
        u1_0.login_blocked_until,
        u1_0.name,
        u1_0.password,
        u1_0.phone,
        u1_0.role,
        u1_0.roll_number,
        u1_0.semester,
        u1_0.updated_at 
    from
        users u1_0
Hibernate: 
    select
        count(*) 
    from
        subjects s1_0
Hibernate: 
    select
        count(*) 
    from
        attendance a1_0
Hibernate: 
    select
        count(*) 
    from
        class_sessions cs1_0
Hibernate: 
    select
        u1_0.id,
        u1_0.branch,
        u1_0.created_at,
        u1_0.department,
        u1_0.device_id,
        u1_0.email,
        u1_0.last_logout_at,
        u1_0.login_blocked_until,
        u1_0.name,
        u1_0.password,
        u1_0.phone,
        u1_0.role,
        u1_0.roll_number,
        u1_0.semester,
        u1_0.updated_at 
    from
        users u1_0 
    where
        u1_0.email=?
Hibernate: 
    select
        u1_0.id,
        u1_0.branch,
        u1_0.created_at,
        u1_0.department,
        u1_0.device_id,
        u1_0.email,
        u1_0.last_logout_at,
        u1_0.login_blocked_until,
        u1_0.name,
        u1_0.password,
        u1_0.phone,
        u1_0.role,
        u1_0.roll_number,
        u1_0.semester,
        u1_0.updated_at 
    from
        users u1_0 
    where
        u1_0.email=?
Hibernate: 
    select
        u1_0.id,
        u1_0.branch,
        u1_0.created_at,
        u1_0.department,
        u1_0.device_id,
        u1_0.email,
        u1_0.last_logout_at,
        u1_0.login_blocked_until,
        u1_0.name,
        u1_0.password,
        u1_0.phone,
        u1_0.role,
        u1_0.roll_number,
        u1_0.semester,
        u1_0.updated_at 
    from
        users u1_0 
    where
        u1_0.email=?
Hibernate: 
    select
        u1_0.id,
        u1_0.branch,
        u1_0.created_at,
        u1_0.department,
        u1_0.device_id,
        u1_0.email,
        u1_0.last_logout_at,
        u1_0.login_blocked_until,
        u1_0.name,
        u1_0.password,
        u1_0.phone,
        u1_0.role,
        u1_0.roll_number,
        u1_0.semester,
        u1_0.updated_at 
    from
        users u1_0 
    where
        u1_0.email=?
Hibernate: 
    select
        u1_0.id,
        u1_0.branch,
        u1_0.created_at,
        u1_0.department,
        u1_0.device_id,
        u1_0.email,
        u1_0.last_logout_at,
        u1_0.login_blocked_until,
        u1_0.name,
        u1_0.password,
        u1_0.phone,
        u1_0.role,
        u1_0.roll_number,
        u1_0.semester,
        u1_0.updated_at 
    from
        users u1_0 
    where
        u1_0.email=?
Hibernate: 
    select
        u1_0.id,
        u1_0.branch,
        u1_0.created_at,
        u1_0.department,
        u1_0.device_id,
        u1_0.email,
        u1_0.last_logout_at,
        u1_0.login_blocked_until,
        u1_0.name,
        u1_0.password,
        u1_0.phone,
        u1_0.role,
        u1_0.roll_number,
        u1_0.semester,
        u1_0.updated_at 
    from
        users u1_0 
    where
        u1_0.email=?
Hibernate: 
    select
        u1_0.id,
        u1_0.branch,
        u1_0.created_at,
        u1_0.department,
        u1_0.device_id,
        u1_0.email,
        u1_0.last_logout_at,
        u1_0.login_blocked_until,
        u1_0.name,
        u1_0.password,
        u1_0.phone,
        u1_0.role,
        u1_0.roll_number,
        u1_0.semester,
        u1_0.updated_at 
    from
        users u1_0 
    where
        u1_0.email=?
Hibernate: 
    update
        users 
    set
        branch=?,
        department=?,
        device_id=?,
        email=?,
        last_logout_at=?,
        login_blocked_until=?,
        name=?,
        password=?,
        phone=?,
        role=?,
        roll_number=?,
        semester=?,
        updated_at=? 
    where
        id=?
Hibernate: 
    select
        u1_0.id,
        u1_0.branch,
        u1_0.created_at,
        u1_0.department,
        u1_0.device_id,
        u1_0.email,
        u1_0.last_logout_at,
        u1_0.login_blocked_until,
        u1_0.name,
        u1_0.password,
        u1_0.phone,
        u1_0.role,
        u1_0.roll_number,
        u1_0.semester,
        u1_0.updated_at 
    from
        users u1_0 
    where
        u1_0.email=?
Hibernate: 
    select
        u1_0.id,
        u1_0.branch,
        u1_0.created_at,
        u1_0.department,
        u1_0.device_id,
        u1_0.email,
        u1_0.last_logout_at,
        u1_0.login_blocked_until,
        u1_0.name,
        u1_0.password,
        u1_0.phone,
        u1_0.role,
        u1_0.roll_number,
        u1_0.semester,
        u1_0.updated_at 
    from
        users u1_0 
    where
        u1_0.email=?
Hibernate: 
    select
        u1_0.id,
        u1_0.branch,
        u1_0.created_at,
        u1_0.department,
        u1_0.device_id,
        u1_0.email,
        u1_0.last_logout_at,
        u1_0.login_blocked_until,
        u1_0.name,
        u1_0.password,
        u1_0.phone,
        u1_0.role,
        u1_0.roll_number,
        u1_0.semester,
        u1_0.updated_at 
    from
        users u1_0 
    where
        u1_0.email=?
Hibernate: 
    select
        count(a1_0.id) 
    from
        attendance a1_0 
    where
        a1_0.student_id=?
Hibernate: 
    select
        count(a1_0.id) 
    from
        attendance a1_0 
    where
        a1_0.student_id=? 
        and a1_0.status=?
Hibernate: 
    select
        count(a1_0.id) 
    from
        attendance a1_0 
    where
        a1_0.student_id=? 
        and a1_0.status=?
Hibernate: 
    select
        cs1_0.id,
        cs1_0.actual_ended_at,
        cs1_0.actual_started_at,
        cs1_0.branch,
        cs1_0.created_at,
        cs1_0.end_time,
        cs1_0.semester,
        cs1_0.start_time,
        cs1_0.status,
        cs1_0.subject_name,
        cs1_0.teacher_id 
    from
        class_sessions cs1_0 
    where
        cs1_0.branch=? 
        and cs1_0.semester=? 
        and cs1_0.status=? 
    order by
        cs1_0.actual_started_at desc 
    limit
        ?
Hibernate: 
    select
        u1_0.id,
        u1_0.branch,
        u1_0.created_at,
        u1_0.department,
        u1_0.device_id,
        u1_0.email,
        u1_0.last_logout_at,
        u1_0.login_blocked_until,
        u1_0.name,
        u1_0.password,
        u1_0.phone,
        u1_0.role,
        u1_0.roll_number,
        u1_0.semester,
        u1_0.updated_at 
    from
        users u1_0 
    where
        u1_0.email=?
Hibernate: 
    select
        u1_0.id,
        u1_0.branch,
        u1_0.created_at,
        u1_0.department,
        u1_0.device_id,
        u1_0.email,
        u1_0.last_logout_at,
        u1_0.login_blocked_until,
        u1_0.name,
        u1_0.password,
        u1_0.phone,
        u1_0.role,
        u1_0.roll_number,
        u1_0.semester,
        u1_0.updated_at 
    from
        users u1_0 
    where
        u1_0.email=?
Hibernate: 
    select
        count(a1_0.id) 
    from
        attendance a1_0 
    where
        a1_0.student_id=?
Hibernate: 
    select
        count(a1_0.id) 
    from
        attendance a1_0 
    where
        a1_0.student_id=? 
        and a1_0.status=?
Hibernate: 
    select
        count(a1_0.id) 
    from
        attendance a1_0 
    where
        a1_0.student_id=? 
        and a1_0.status=?
Hibernate: 
    select
        cs1_0.id,
        cs1_0.actual_ended_at,
        cs1_0.actual_started_at,
        cs1_0.branch,
        cs1_0.created_at,
        cs1_0.end_time,
        cs1_0.semester,
        cs1_0.start_time,
        cs1_0.status,
        cs1_0.subject_name,
        cs1_0.teacher_id 
    from
        class_sessions cs1_0 
    where
        cs1_0.branch=? 
        and cs1_0.semester=? 
        and cs1_0.status=? 
    order by
        cs1_0.actual_started_at desc 
    limit
        ?
Hibernate: 
    select
        u1_0.id,
        u1_0.branch,
        u1_0.created_at,
        u1_0.department,
        u1_0.device_id,
        u1_0.email,
        u1_0.last_logout_at,
        u1_0.login_blocked_until,
        u1_0.name,
        u1_0.password,
        u1_0.phone,
        u1_0.role,
        u1_0.roll_number,
        u1_0.semester,
        u1_0.updated_at 
    from
        users u1_0 
    where
        u1_0.email=?
Hibernate: 
    select
        u1_0.id,
        u1_0.branch,
        u1_0.created_at,
        u1_0.department,
        u1_0.device_id,
        u1_0.email,
        u1_0.last_logout_at,
        u1_0.login_blocked_until,
        u1_0.name,
        u1_0.password,
        u1_0.phone,
        u1_0.role,
        u1_0.roll_number,
        u1_0.semester,
        u1_0.updated_at 
    from
        users u1_0 
    where
        u1_0.email=?
Hibernate: 
    select
        t1_0.id,
        t1_0.branch,
        t1_0.day,
        t1_0.end_time,
        t1_0.semester,
        t1_0.start_time,
        t1_0.subject_id,
        t1_0.teacher_id 
    from
        timetables t1_0 
    where
        t1_0.branch=? 
        and t1_0.semester=? 
    order by
        t1_0.day,
        t1_0.start_time
Hibernate: 
    select
        u1_0.id,
        u1_0.branch,
        u1_0.created_at,
        u1_0.department,
        u1_0.device_id,
        u1_0.email,
        u1_0.last_logout_at,
        u1_0.login_blocked_until,
        u1_0.name,
        u1_0.password,
        u1_0.phone,
        u1_0.role,
        u1_0.roll_number,
        u1_0.semester,
        u1_0.updated_at 
    from
        users u1_0 
    where
        u1_0.email=?
Hibernate: 
    select
        u1_0.id,
        u1_0.branch,
        u1_0.created_at,
        u1_0.department,
        u1_0.device_id,
        u1_0.email,
        u1_0.last_logout_at,
        u1_0.login_blocked_until,
        u1_0.name,
        u1_0.password,
        u1_0.phone,
        u1_0.role,
        u1_0.roll_number,
        u1_0.semester,
        u1_0.updated_at 
    from
        users u1_0 
    where
        u1_0.email=?
Hibernate: 
    select
        t1_0.id,
        t1_0.branch,
        t1_0.day,
        t1_0.end_time,
        t1_0.semester,
        t1_0.start_time,
        t1_0.subject_id,
        t1_0.teacher_id 
    from
        timetables t1_0 
    where
        t1_0.branch=? 
        and t1_0.semester=? 
    order by
        t1_0.day,
        t1_0.start_time
Hibernate: 
    select
        u1_0.id,
        u1_0.branch,
        u1_0.created_at,
        u1_0.department,
        u1_0.device_id,
        u1_0.email,
        u1_0.last_logout_at,
        u1_0.login_blocked_until,
        u1_0.name,
        u1_0.password,
        u1_0.phone,
        u1_0.role,
        u1_0.roll_number,
        u1_0.semester,
        u1_0.updated_at 
    from
        users u1_0 
    where
        u1_0.email=?
Hibernate: 
    select
        u1_0.id,
        u1_0.branch,
        u1_0.created_at,
        u1_0.department,
        u1_0.device_id,
        u1_0.email,
        u1_0.last_logout_at,
        u1_0.login_blocked_until,
        u1_0.name,
        u1_0.password,
        u1_0.phone,
        u1_0.role,
        u1_0.roll_number,
        u1_0.semester,
        u1_0.updated_at 
    from
        users u1_0 
    where
        u1_0.email=?
Hibernate: 
    select
        u1_0.id,
        u1_0.branch,
        u1_0.created_at,
        u1_0.department,
        u1_0.device_id,
        u1_0.email,
        u1_0.last_logout_at,
        u1_0.login_blocked_until,
        u1_0.name,
        u1_0.password,
        u1_0.phone,
        u1_0.role,
        u1_0.roll_number,
        u1_0.semester,
        u1_0.updated_at 
    from
        users u1_0 
    where
        u1_0.email=?
Hibernate: 
    select
        u1_0.id,
        u1_0.branch,
        u1_0.created_at,
        u1_0.department,
        u1_0.device_id,
        u1_0.email,
        u1_0.last_logout_at,
        u1_0.login_blocked_until,
        u1_0.name,
        u1_0.password,
        u1_0.phone,
        u1_0.role,
        u1_0.roll_number,
        u1_0.semester,
        u1_0.updated_at 
    from
        users u1_0
Hibernate: 
    select
        s1_0.id,
        s1_0.branch,
        s1_0.semester,
        s1_0.subject_code,
        s1_0.subject_name 
    from
        subjects s1_0
Hibernate: 
    select
        t1_0.id,
        t1_0.branch,
        t1_0.day,
        t1_0.end_time,
        t1_0.semester,
        t1_0.start_time,
        t1_0.subject_id,
        t1_0.teacher_id 
    from
        timetables t1_0
Hibernate: 
    select
        a1_0.id,
        a1_0.attendance_time,
        a1_0.geo_verified,
        a1_0.status,
        a1_0.student_id,
        a1_0.subject 
    from
        attendance a1_0
Hibernate: 
    select
        cs1_0.id,
        cs1_0.actual_ended_at,
        cs1_0.actual_started_at,
        cs1_0.branch,
        cs1_0.created_at,
        cs1_0.end_time,
        cs1_0.semester,
        cs1_0.start_time,
        cs1_0.status,
        cs1_0.subject_name,
        cs1_0.teacher_id 
    from
        class_sessions cs1_0
Hibernate: 
    select
        count(*) 
    from
        users u1_0
Hibernate: 
    select
        u1_0.id,
        u1_0.branch,
        u1_0.created_at,
        u1_0.department,
        u1_0.device_id,
        u1_0.email,
        u1_0.last_logout_at,
        u1_0.login_blocked_until,
        u1_0.name,
        u1_0.password,
        u1_0.phone,
        u1_0.role,
        u1_0.roll_number,
        u1_0.semester,
        u1_0.updated_at 
    from
        users u1_0
Hibernate: 
    select
        u1_0.id,
        u1_0.branch,
        u1_0.created_at,
        u1_0.department,
        u1_0.device_id,
        u1_0.email,
        u1_0.last_logout_at,
        u1_0.login_blocked_until,
        u1_0.name,
        u1_0.password,
        u1_0.phone,
        u1_0.role,
        u1_0.roll_number,
        u1_0.semester,
        u1_0.updated_at 
    from
        users u1_0
Hibernate: 
    select
        count(*) 
    from
        subjects s1_0
Hibernate: 
    select
        count(*) 
    from
        attendance a1_0
Hibernate: 
    select
        count(*) 
    from
        class_sessions cs1_0
Hibernate: 
    select
        u1_0.id,
        u1_0.branch,
        u1_0.created_at,
        u1_0.department,
        u1_0.device_id,
        u1_0.email,
        u1_0.last_logout_at,
        u1_0.login_blocked_until,
        u1_0.name,
        u1_0.password,
        u1_0.phone,
        u1_0.role,
        u1_0.roll_number,
        u1_0.semester,
        u1_0.updated_at 
    from
        users u1_0 
    where
        u1_0.email=?
Hibernate: 
    select
        u1_0.id,
        u1_0.branch,
        u1_0.created_at,
        u1_0.department,
        u1_0.device_id,
        u1_0.email,
        u1_0.last_logout_at,
        u1_0.login_blocked_until,
        u1_0.name,
        u1_0.password,
        u1_0.phone,
        u1_0.role,
        u1_0.roll_number,
        u1_0.semester,
        u1_0.updated_at 
    from
        users u1_0
Hibernate: 
    select
        s1_0.id,
        s1_0.branch,
        s1_0.semester,
        s1_0.subject_code,
        s1_0.subject_name 
    from
        subjects s1_0
Hibernate: 
    select
        t1_0.id,
        t1_0.branch,
        t1_0.day,
        t1_0.end_time,
        t1_0.semester,
        t1_0.start_time,
        t1_0.subject_id,
        t1_0.teacher_id 
    from
        timetables t1_0
Hibernate: 
    select
        a1_0.id,
        a1_0.attendance_time,
        a1_0.geo_verified,
        a1_0.status,
        a1_0.student_id,
        a1_0.subject 
    from
        attendance a1_0
Hibernate: 
    select
        cs1_0.id,
        cs1_0.actual_ended_at,
        cs1_0.actual_started_at,
        cs1_0.branch,
        cs1_0.created_at,
        cs1_0.end_time,
        cs1_0.semester,
        cs1_0.start_time,
        cs1_0.status,
        cs1_0.subject_name,
        cs1_0.teacher_id 
    from
        class_sessions cs1_0
Hibernate: 
    select
        count(*) 
    from
        users u1_0
Hibernate: 
    select
        u1_0.id,
        u1_0.branch,
        u1_0.created_at,
        u1_0.department,
        u1_0.device_id,
        u1_0.email,
        u1_0.last_logout_at,
        u1_0.login_blocked_until,
        u1_0.name,
        u1_0.password,
        u1_0.phone,
        u1_0.role,
        u1_0.roll_number,
        u1_0.semester,
        u1_0.updated_at 
    from
        users u1_0
Hibernate: 
    select
        u1_0.id,
        u1_0.branch,
        u1_0.created_at,
        u1_0.department,
        u1_0.device_id,
        u1_0.email,
        u1_0.last_logout_at,
        u1_0.login_blocked_until,
        u1_0.name,
        u1_0.password,
        u1_0.phone,
        u1_0.role,
        u1_0.roll_number,
        u1_0.semester,
        u1_0.updated_at 
    from
        users u1_0
Hibernate: 
    select
        count(*) 
    from
        subjects s1_0
Hibernate: 
    select
        count(*) 
    from
        attendance a1_0
Hibernate: 
    select
        count(*) 
    from
        class_sessions cs1_0
Hibernate: 
    select
        u1_0.id,
        u1_0.branch,
        u1_0.created_at,
        u1_0.department,
        u1_0.device_id,
        u1_0.email,
        u1_0.last_logout_at,
        u1_0.login_blocked_until,
        u1_0.name,
        u1_0.password,
        u1_0.phone,
        u1_0.role,
        u1_0.roll_number,
        u1_0.semester,
        u1_0.updated_at 
    from
        users u1_0 
    where
        u1_0.email=?
Hibernate: 
    select
        s1_0.id,
        s1_0.branch,
        s1_0.semester,
        s1_0.subject_code,
        s1_0.subject_name 
    from
        subjects s1_0 
    where
        s1_0.id=?
Hibernate: 
    select
        u1_0.id,
        u1_0.branch,
        u1_0.created_at,
        u1_0.department,
        u1_0.device_id,
        u1_0.email,
        u1_0.last_logout_at,
        u1_0.login_blocked_until,
        u1_0.name,
        u1_0.password,
        u1_0.phone,
        u1_0.role,
        u1_0.roll_number,
        u1_0.semester,
        u1_0.updated_at 
    from
        users u1_0 
    where
        u1_0.id=?
Hibernate: 
    insert 
    into
        timetables
        (branch, day, end_time, semester, start_time, subject_id, teacher_id) 
    values
        (?, ?, ?, ?, ?, ?, ?)
Hibernate: 
    select
        u1_0.id,
        u1_0.branch,
        u1_0.created_at,
        u1_0.department,
        u1_0.device_id,
        u1_0.email,
        u1_0.last_logout_at,
        u1_0.login_blocked_until,
        u1_0.name,
        u1_0.password,
        u1_0.phone,
        u1_0.role,
        u1_0.roll_number,
        u1_0.semester,
        u1_0.updated_at 
    from
        users u1_0 
    where
        u1_0.email=?
Hibernate: 
    select
        u1_0.id,
        u1_0.branch,
        u1_0.created_at,
        u1_0.department,
        u1_0.device_id,
        u1_0.email,
        u1_0.last_logout_at,
        u1_0.login_blocked_until,
        u1_0.name,
        u1_0.password,
        u1_0.phone,
        u1_0.role,
        u1_0.roll_number,
        u1_0.semester,
        u1_0.updated_at 
    from
        users u1_0
Hibernate: 
    select
        s1_0.id,
        s1_0.branch,
        s1_0.semester,
        s1_0.subject_code,
        s1_0.subject_name 
    from
        subjects s1_0
Hibernate: 
    select
        t1_0.id,
        t1_0.branch,
        t1_0.day,
        t1_0.end_time,
        t1_0.semester,
        t1_0.start_time,
        t1_0.subject_id,
        t1_0.teacher_id 
    from
        timetables t1_0
Hibernate: 
    select
        a1_0.id,
        a1_0.attendance_time,
        a1_0.geo_verified,
        a1_0.status,
        a1_0.student_id,
        a1_0.subject 
    from
        attendance a1_0
Hibernate: 
    select
        cs1_0.id,
        cs1_0.actual_ended_at,
        cs1_0.actual_started_at,
        cs1_0.branch,
        cs1_0.created_at,
        cs1_0.end_time,
        cs1_0.semester,
        cs1_0.start_time,
        cs1_0.status,
        cs1_0.subject_name,
        cs1_0.teacher_id 
    from
        class_sessions cs1_0
Hibernate: 
    select
        count(*) 
    from
        users u1_0
Hibernate: 
    select
        u1_0.id,
        u1_0.branch,
        u1_0.created_at,
        u1_0.department,
        u1_0.device_id,
        u1_0.email,
        u1_0.last_logout_at,
        u1_0.login_blocked_until,
        u1_0.name,
        u1_0.password,
        u1_0.phone,
        u1_0.role,
        u1_0.roll_number,
        u1_0.semester,
        u1_0.updated_at 
    from
        users u1_0
Hibernate: 
    select
        u1_0.id,
        u1_0.branch,
        u1_0.created_at,
        u1_0.department,
        u1_0.device_id,
        u1_0.email,
        u1_0.last_logout_at,
        u1_0.login_blocked_until,
        u1_0.name,
        u1_0.password,
        u1_0.phone,
        u1_0.role,
        u1_0.roll_number,
        u1_0.semester,
        u1_0.updated_at 
    from
        users u1_0
Hibernate: 
    select
        count(*) 
    from
        subjects s1_0
Hibernate: 
    select
        count(*) 
    from
        attendance a1_0
Hibernate: 
    select
        count(*) 
    from
        class_sessions cs1_0
Hibernate: 
    select
        u1_0.id,
        u1_0.branch,
        u1_0.created_at,
        u1_0.department,
        u1_0.device_id,
        u1_0.email,
        u1_0.last_logout_at,
        u1_0.login_blocked_until,
        u1_0.name,
        u1_0.password,
        u1_0.phone,
        u1_0.role,
        u1_0.roll_number,
        u1_0.semester,
        u1_0.updated_at 
    from
        users u1_0 
    where
        u1_0.email=?
Hibernate: 
    select
        s1_0.id,
        s1_0.branch,
        s1_0.semester,
        s1_0.subject_code,
        s1_0.subject_name 
    from
        subjects s1_0 
    where
        s1_0.id=?
Hibernate: 
    select
        u1_0.id,
        u1_0.branch,
        u1_0.created_at,
        u1_0.department,
        u1_0.device_id,
        u1_0.email,
        u1_0.last_logout_at,
        u1_0.login_blocked_until,
        u1_0.name,
        u1_0.password,
        u1_0.phone,
        u1_0.role,
        u1_0.roll_number,
        u1_0.semester,
        u1_0.updated_at 
    from
        users u1_0 
    where
        u1_0.id=?
Hibernate: 
    insert 
    into
        timetables
        (branch, day, end_time, semester, start_time, subject_id, teacher_id) 
    values
        (?, ?, ?, ?, ?, ?, ?)
Hibernate: 
    select
        u1_0.id,
        u1_0.branch,
        u1_0.created_at,
        u1_0.department,
        u1_0.device_id,
        u1_0.email,
        u1_0.last_logout_at,
        u1_0.login_blocked_until,
        u1_0.name,
        u1_0.password,
        u1_0.phone,
        u1_0.role,
        u1_0.roll_number,
        u1_0.semester,
        u1_0.updated_at 
    from
        users u1_0 
    where
        u1_0.email=?
Hibernate: 
    select
        u1_0.id,
        u1_0.branch,
        u1_0.created_at,
        u1_0.department,
        u1_0.device_id,
        u1_0.email,
        u1_0.last_logout_at,
        u1_0.login_blocked_until,
        u1_0.name,
        u1_0.password,
        u1_0.phone,
        u1_0.role,
        u1_0.roll_number,
        u1_0.semester,
        u1_0.updated_at 
    from
        users u1_0
Hibernate: 
    select
        s1_0.id,
        s1_0.branch,
        s1_0.semester,
        s1_0.subject_code,
        s1_0.subject_name 
    from
        subjects s1_0
Hibernate: 
    select
        t1_0.id,
        t1_0.branch,
        t1_0.day,
        t1_0.end_time,
        t1_0.semester,
        t1_0.start_time,
        t1_0.subject_id,
        t1_0.teacher_id 
    from
        timetables t1_0
Hibernate: 
    select
        a1_0.id,
        a1_0.attendance_time,
        a1_0.geo_verified,
        a1_0.status,
        a1_0.student_id,
        a1_0.subject 
    from
        attendance a1_0
Hibernate: 
    select
        cs1_0.id,
        cs1_0.actual_ended_at,
        cs1_0.actual_started_at,
        cs1_0.branch,
        cs1_0.created_at,
        cs1_0.end_time,
        cs1_0.semester,
        cs1_0.start_time,
        cs1_0.status,
        cs1_0.subject_name,
        cs1_0.teacher_id 
    from
        class_sessions cs1_0
Hibernate: 
    select
        count(*) 
    from
        users u1_0
Hibernate: 
    select
        u1_0.id,
        u1_0.branch,
        u1_0.created_at,
        u1_0.department,
        u1_0.device_id,
        u1_0.email,
        u1_0.last_logout_at,
        u1_0.login_blocked_until,
        u1_0.name,
        u1_0.password,
        u1_0.phone,
        u1_0.role,
        u1_0.roll_number,
        u1_0.semester,
        u1_0.updated_at 
    from
        users u1_0
Hibernate: 
    select
        u1_0.id,
        u1_0.branch,
        u1_0.created_at,
        u1_0.department,
        u1_0.device_id,
        u1_0.email,
        u1_0.last_logout_at,
        u1_0.login_blocked_until,
        u1_0.name,
        u1_0.password,
        u1_0.phone,
        u1_0.role,
        u1_0.roll_number,
        u1_0.semester,
        u1_0.updated_at 
    from
        users u1_0
Hibernate: 
    select
        count(*) 
    from
        subjects s1_0
Hibernate: 
    select
        count(*) 
    from
        attendance a1_0
Hibernate: 
    select
        count(*) 
    from
        class_sessions cs1_0
Hibernate: 
    select
        u1_0.id,
        u1_0.branch,
        u1_0.created_at,
        u1_0.department,
        u1_0.device_id,
        u1_0.email,
        u1_0.last_logout_at,
        u1_0.login_blocked_until,
        u1_0.name,
        u1_0.password,
        u1_0.phone,
        u1_0.role,
        u1_0.roll_number,
        u1_0.semester,
        u1_0.updated_at 
    from
        users u1_0 
    where
        u1_0.email=?
Hibernate: 
    select
        s1_0.id,
        s1_0.branch,
        s1_0.semester,
        s1_0.subject_code,
        s1_0.subject_name 
    from
        subjects s1_0 
    where
        s1_0.id=?
Hibernate: 
    select
        u1_0.id,
        u1_0.branch,
        u1_0.created_at,
        u1_0.department,
        u1_0.device_id,
        u1_0.email,
        u1_0.last_logout_at,
        u1_0.login_blocked_until,
        u1_0.name,
        u1_0.password,
        u1_0.phone,
        u1_0.role,
        u1_0.roll_number,
        u1_0.semester,
        u1_0.updated_at 
    from
        users u1_0 
    where
        u1_0.id=?
Hibernate: 
    insert 
    into
        timetables
        (branch, day, end_time, semester, start_time, subject_id, teacher_id) 
    values
        (?, ?, ?, ?, ?, ?, ?)
Hibernate: 
    select
        u1_0.id,
        u1_0.branch,
        u1_0.created_at,
        u1_0.department,
        u1_0.device_id,
        u1_0.email,
        u1_0.last_logout_at,
        u1_0.login_blocked_until,
        u1_0.name,
        u1_0.password,
        u1_0.phone,
        u1_0.role,
        u1_0.roll_number,
        u1_0.semester,
        u1_0.updated_at 
    from
        users u1_0 
    where
        u1_0.email=?
Hibernate: 
    select
        u1_0.id,
        u1_0.branch,
        u1_0.created_at,
        u1_0.department,
        u1_0.device_id,
        u1_0.email,
        u1_0.last_logout_at,
        u1_0.login_blocked_until,
        u1_0.name,
        u1_0.password,
        u1_0.phone,
        u1_0.role,
        u1_0.roll_number,
        u1_0.semester,
        u1_0.updated_at 
    from
        users u1_0
Hibernate: 
    select
        s1_0.id,
        s1_0.branch,
        s1_0.semester,
        s1_0.subject_code,
        s1_0.subject_name 
    from
        subjects s1_0
Hibernate: 
    select
        t1_0.id,
        t1_0.branch,
        t1_0.day,
        t1_0.end_time,
        t1_0.semester,
        t1_0.start_time,
        t1_0.subject_id,
        t1_0.teacher_id 
    from
        timetables t1_0
Hibernate: 
    select
        a1_0.id,
        a1_0.attendance_time,
        a1_0.geo_verified,
        a1_0.status,
        a1_0.student_id,
        a1_0.subject 
    from
        attendance a1_0
Hibernate: 
    select
        cs1_0.id,
        cs1_0.actual_ended_at,
        cs1_0.actual_started_at,
        cs1_0.branch,
        cs1_0.created_at,
        cs1_0.end_time,
        cs1_0.semester,
        cs1_0.start_time,
        cs1_0.status,
        cs1_0.subject_name,
        cs1_0.teacher_id 
    from
        class_sessions cs1_0
Hibernate: 
    select
        count(*) 
    from
        users u1_0
Hibernate: 
    select
        u1_0.id,
        u1_0.branch,
        u1_0.created_at,
        u1_0.department,
        u1_0.device_id,
        u1_0.email,
        u1_0.last_logout_at,
        u1_0.login_blocked_until,
        u1_0.name,
        u1_0.password,
        u1_0.phone,
        u1_0.role,
        u1_0.roll_number,
        u1_0.semester,
        u1_0.updated_at 
    from
        users u1_0
Hibernate: 
    select
        u1_0.id,
        u1_0.branch,
        u1_0.created_at,
        u1_0.department,
        u1_0.device_id,
        u1_0.email,
        u1_0.last_logout_at,
        u1_0.login_blocked_until,
        u1_0.name,
        u1_0.password,
        u1_0.phone,
        u1_0.role,
        u1_0.roll_number,
        u1_0.semester,
        u1_0.updated_at 
    from
        users u1_0
Hibernate: 
    select
        count(*) 
    from
        subjects s1_0
Hibernate: 
    select
        count(*) 
    from
        attendance a1_0
Hibernate: 
    select
        count(*) 
    from
        class_sessions cs1_0
Hibernate: 
    select
        u1_0.id,
        u1_0.branch,
        u1_0.created_at,
        u1_0.department,
        u1_0.device_id,
        u1_0.email,
        u1_0.last_logout_at,
        u1_0.login_blocked_until,
        u1_0.name,
        u1_0.password,
        u1_0.phone,
        u1_0.role,
        u1_0.roll_number,
        u1_0.semester,
        u1_0.updated_at 
    from
        users u1_0 
    where
        u1_0.email=?
Hibernate: 
    select
        s1_0.id,
        s1_0.branch,
        s1_0.semester,
        s1_0.subject_code,
        s1_0.subject_name 
    from
        subjects s1_0 
    where
        s1_0.id=?
Hibernate: 
    select
        u1_0.id,
        u1_0.branch,
        u1_0.created_at,
        u1_0.department,
        u1_0.device_id,
        u1_0.email,
        u1_0.last_logout_at,
        u1_0.login_blocked_until,
        u1_0.name,
        u1_0.password,
        u1_0.phone,
        u1_0.role,
        u1_0.roll_number,
        u1_0.semester,
        u1_0.updated_at 
    from
        users u1_0 
    where
        u1_0.id=?
Hibernate: 
    insert 
    into
        timetables
        (branch, day, end_time, semester, start_time, subject_id, teacher_id) 
    values
        (?, ?, ?, ?, ?, ?, ?)
Hibernate: 
    select
        u1_0.id,
        u1_0.branch,
        u1_0.created_at,
        u1_0.department,
        u1_0.device_id,
        u1_0.email,
        u1_0.last_logout_at,
        u1_0.login_blocked_until,
        u1_0.name,
        u1_0.password,
        u1_0.phone,
        u1_0.role,
        u1_0.roll_number,
        u1_0.semester,
        u1_0.updated_at 
    from
        users u1_0 
    where
        u1_0.email=?
Hibernate: 
    select
        u1_0.id,
        u1_0.branch,
        u1_0.created_at,
        u1_0.department,
        u1_0.device_id,
        u1_0.email,
        u1_0.last_logout_at,
        u1_0.login_blocked_until,
        u1_0.name,
        u1_0.password,
        u1_0.phone,
        u1_0.role,
        u1_0.roll_number,
        u1_0.semester,
        u1_0.updated_at 
    from
        users u1_0
Hibernate: 
    select
        s1_0.id,
        s1_0.branch,
        s1_0.semester,
        s1_0.subject_code,
        s1_0.subject_name 
    from
        subjects s1_0
Hibernate: 
    select
        t1_0.id,
        t1_0.branch,
        t1_0.day,
        t1_0.end_time,
        t1_0.semester,
        t1_0.start_time,
        t1_0.subject_id,
        t1_0.teacher_id 
    from
        timetables t1_0
Hibernate: 
    select
        a1_0.id,
        a1_0.attendance_time,
        a1_0.geo_verified,
        a1_0.status,
        a1_0.student_id,
        a1_0.subject 
    from
        attendance a1_0
Hibernate: 
    select
        cs1_0.id,
        cs1_0.actual_ended_at,
        cs1_0.actual_started_at,
        cs1_0.branch,
        cs1_0.created_at,
        cs1_0.end_time,
        cs1_0.semester,
        cs1_0.start_time,
        cs1_0.status,
        cs1_0.subject_name,
        cs1_0.teacher_id 
    from
        class_sessions cs1_0
Hibernate: 
    select
        count(*) 
    from
        users u1_0
Hibernate: 
    select
        u1_0.id,
        u1_0.branch,
        u1_0.created_at,
        u1_0.department,
        u1_0.device_id,
        u1_0.email,
        u1_0.last_logout_at,
        u1_0.login_blocked_until,
        u1_0.name,
        u1_0.password,
        u1_0.phone,
        u1_0.role,
        u1_0.roll_number,
        u1_0.semester,
        u1_0.updated_at 
    from
        users u1_0
Hibernate: 
    select
        u1_0.id,
        u1_0.branch,
        u1_0.created_at,
        u1_0.department,
        u1_0.device_id,
        u1_0.email,
        u1_0.last_logout_at,
        u1_0.login_blocked_until,
        u1_0.name,
        u1_0.password,
        u1_0.phone,
        u1_0.role,
        u1_0.roll_number,
        u1_0.semester,
        u1_0.updated_at 
    from
        users u1_0
Hibernate: 
    select
        count(*) 
    from
        subjects s1_0
Hibernate: 
    select
        count(*) 
    from
        attendance a1_0
Hibernate: 
    select
        count(*) 
    from
        class_sessions cs1_0
Hibernate: 
    select
        u1_0.id,
        u1_0.branch,
        u1_0.created_at,
        u1_0.department,
        u1_0.device_id,
        u1_0.email,
        u1_0.last_logout_at,
        u1_0.login_blocked_until,
        u1_0.name,
        u1_0.password,
        u1_0.phone,
        u1_0.role,
        u1_0.roll_number,
        u1_0.semester,
        u1_0.updated_at 
    from
        users u1_0 
    where
        u1_0.email=?
Hibernate: 
    select
        s1_0.id,
        s1_0.branch,
        s1_0.semester,
        s1_0.subject_code,
        s1_0.subject_name 
    from
        subjects s1_0 
    where
        s1_0.id=?
Hibernate: 
    select
        u1_0.id,
        u1_0.branch,
        u1_0.created_at,
        u1_0.department,
        u1_0.device_id,
        u1_0.email,
        u1_0.last_logout_at,
        u1_0.login_blocked_until,
        u1_0.name,
        u1_0.password,
        u1_0.phone,
        u1_0.role,
        u1_0.roll_number,
        u1_0.semester,
        u1_0.updated_at 
    from
        users u1_0 
    where
        u1_0.id=?
Hibernate: 
    insert 
    into
        timetables
        (branch, day, end_time, semester, start_time, subject_id, teacher_id) 
    values
        (?, ?, ?, ?, ?, ?, ?)
Hibernate: 
    select
        u1_0.id,
        u1_0.branch,
        u1_0.created_at,
        u1_0.department,
        u1_0.device_id,
        u1_0.email,
        u1_0.last_logout_at,
        u1_0.login_blocked_until,
        u1_0.name,
        u1_0.password,
        u1_0.phone,
        u1_0.role,
        u1_0.roll_number,
        u1_0.semester,
        u1_0.updated_at 
    from
        users u1_0 
    where
        u1_0.email=?
Hibernate: 
    select
        u1_0.id,
        u1_0.branch,
        u1_0.created_at,
        u1_0.department,
        u1_0.device_id,
        u1_0.email,
        u1_0.last_logout_at,
        u1_0.login_blocked_until,
        u1_0.name,
        u1_0.password,
        u1_0.phone,
        u1_0.role,
        u1_0.roll_number,
        u1_0.semester,
        u1_0.updated_at 
    from
        users u1_0
Hibernate: 
    select
        s1_0.id,
        s1_0.branch,
        s1_0.semester,
        s1_0.subject_code,
        s1_0.subject_name 
    from
        subjects s1_0
Hibernate: 
    select
        t1_0.id,
        t1_0.branch,
        t1_0.day,
        t1_0.end_time,
        t1_0.semester,
        t1_0.start_time,
        t1_0.subject_id,
        t1_0.teacher_id 
    from
        timetables t1_0
Hibernate: 
    select
        a1_0.id,
        a1_0.attendance_time,
        a1_0.geo_verified,
        a1_0.status,
        a1_0.student_id,
        a1_0.subject 
    from
        attendance a1_0
Hibernate: 
    select
        cs1_0.id,
        cs1_0.actual_ended_at,
        cs1_0.actual_started_at,
        cs1_0.branch,
        cs1_0.created_at,
        cs1_0.end_time,
        cs1_0.semester,
        cs1_0.start_time,
        cs1_0.status,
        cs1_0.subject_name,
        cs1_0.teacher_id 
    from
        class_sessions cs1_0
Hibernate: 
    select
        count(*) 
    from
        users u1_0
Hibernate: 
    select
        u1_0.id,
        u1_0.branch,
        u1_0.created_at,
        u1_0.department,
        u1_0.device_id,
        u1_0.email,
        u1_0.last_logout_at,
        u1_0.login_blocked_until,
        u1_0.name,
        u1_0.password,
        u1_0.phone,
        u1_0.role,
        u1_0.roll_number,
        u1_0.semester,
        u1_0.updated_at 
    from
        users u1_0
Hibernate: 
    select
        u1_0.id,
        u1_0.branch,
        u1_0.created_at,
        u1_0.department,
        u1_0.device_id,
        u1_0.email,
        u1_0.last_logout_at,
        u1_0.login_blocked_until,
        u1_0.name,
        u1_0.password,
        u1_0.phone,
        u1_0.role,
        u1_0.roll_number,
        u1_0.semester,
        u1_0.updated_at 
    from
        users u1_0
Hibernate: 
    select
        count(*) 
    from
        subjects s1_0
Hibernate: 
    select
        count(*) 
    from
        attendance a1_0
Hibernate: 
    select
        count(*) 
    from
        class_sessions cs1_0
Hibernate: 
    select
        u1_0.id,
        u1_0.branch,
        u1_0.created_at,
        u1_0.department,
        u1_0.device_id,
        u1_0.email,
        u1_0.last_logout_at,
        u1_0.login_blocked_until,
        u1_0.name,
        u1_0.password,
        u1_0.phone,
        u1_0.role,
        u1_0.roll_number,
        u1_0.semester,
        u1_0.updated_at 
    from
        users u1_0 
    where
        u1_0.email=?
Hibernate: 
    select
        u1_0.id,
        u1_0.branch,
        u1_0.created_at,
        u1_0.department,
        u1_0.device_id,
        u1_0.email,
        u1_0.last_logout_at,
        u1_0.login_blocked_until,
        u1_0.name,
        u1_0.password,
        u1_0.phone,
        u1_0.role,
        u1_0.roll_number,
        u1_0.semester,
        u1_0.updated_at 
    from
        users u1_0 
    where
        u1_0.email=?
Hibernate: 
    select
        u1_0.id,
        u1_0.branch,
        u1_0.created_at,
        u1_0.department,
        u1_0.device_id,
        u1_0.email,
        u1_0.last_logout_at,
        u1_0.login_blocked_until,
        u1_0.name,
        u1_0.password,
        u1_0.phone,
        u1_0.role,
        u1_0.roll_number,
        u1_0.semester,
        u1_0.updated_at 
    from
        users u1_0 
    where
        u1_0.email=?
Hibernate: 
    select
        u1_0.id,
        u1_0.branch,
        u1_0.created_at,
        u1_0.department,
        u1_0.device_id,
        u1_0.email,
        u1_0.last_logout_at,
        u1_0.login_blocked_until,
        u1_0.name,
        u1_0.password,
        u1_0.phone,
        u1_0.role,
        u1_0.roll_number,
        u1_0.semester,
        u1_0.updated_at 
    from
        users u1_0 
    where
        u1_0.email=?
Hibernate: 
    select
        u1_0.id,
        u1_0.branch,
        u1_0.created_at,
        u1_0.department,
        u1_0.device_id,
        u1_0.email,
        u1_0.last_logout_at,
        u1_0.login_blocked_until,
        u1_0.name,
        u1_0.password,
        u1_0.phone,
        u1_0.role,
        u1_0.roll_number,
        u1_0.semester,
        u1_0.updated_at 
    from
        users u1_0 
    where
        u1_0.email=?
Hibernate: 
    select
        u1_0.id,
        u1_0.branch,
        u1_0.created_at,
        u1_0.department,
        u1_0.device_id,
        u1_0.email,
        u1_0.last_logout_at,
        u1_0.login_blocked_until,
        u1_0.name,
        u1_0.password,
        u1_0.phone,
        u1_0.role,
        u1_0.roll_number,
        u1_0.semester,
        u1_0.updated_at 
    from
        users u1_0 
    where
        u1_0.email=?
Hibernate: 
    select
        u1_0.id,
        u1_0.branch,
        u1_0.created_at,
        u1_0.department,
        u1_0.device_id,
        u1_0.email,
        u1_0.last_logout_at,
        u1_0.login_blocked_until,
        u1_0.name,
        u1_0.password,
        u1_0.phone,
        u1_0.role,
        u1_0.roll_number,
        u1_0.semester,
        u1_0.updated_at 
    from
        users u1_0 
    where
        u1_0.email=?
Hibernate: 
    select
        u1_0.id,
        u1_0.branch,
        u1_0.created_at,
        u1_0.department,
        u1_0.device_id,
        u1_0.email,
        u1_0.last_logout_at,
        u1_0.login_blocked_until,
        u1_0.name,
        u1_0.password,
        u1_0.phone,
        u1_0.role,
        u1_0.roll_number,
        u1_0.semester,
        u1_0.updated_at 
    from
        users u1_0 
    where
        u1_0.email=?
Hibernate: 
    select
        u1_0.id,
        u1_0.branch,
        u1_0.created_at,
        u1_0.department,
        u1_0.device_id,
        u1_0.email,
        u1_0.last_logout_at,
        u1_0.login_blocked_until,
        u1_0.name,
        u1_0.password,
        u1_0.phone,
        u1_0.role,
        u1_0.roll_number,
        u1_0.semester,
        u1_0.updated_at 
    from
        users u1_0 
    where
        u1_0.email=?
Hibernate: 
    select
        u1_0.id,
        u1_0.branch,
        u1_0.created_at,
        u1_0.department,
        u1_0.device_id,
        u1_0.email,
        u1_0.last_logout_at,
        u1_0.login_blocked_until,
        u1_0.name,
        u1_0.password,
        u1_0.phone,
        u1_0.role,
        u1_0.roll_number,
        u1_0.semester,
        u1_0.updated_at 
    from
        users u1_0 
    where
        u1_0.email=?
Hibernate: 
    select
        u1_0.id,
        u1_0.branch,
        u1_0.created_at,
        u1_0.department,
        u1_0.device_id,
        u1_0.email,
        u1_0.last_logout_at,
        u1_0.login_blocked_until,
        u1_0.name,
        u1_0.password,
        u1_0.phone,
        u1_0.role,
        u1_0.roll_number,
        u1_0.semester,
        u1_0.updated_at 
    from
        users u1_0 
    where
        u1_0.email=?
Hibernate: 
    update
        users 
    set
        branch=?,
        department=?,
        device_id=?,
        email=?,
        last_logout_at=?,
        login_blocked_until=?,
        name=?,
        password=?,
        phone=?,
        role=?,
        roll_number=?,
        semester=?,
        updated_at=? 
    where
        id=?
Hibernate: 
    select
        u1_0.id,
        u1_0.branch,
        u1_0.created_at,
        u1_0.department,
        u1_0.device_id,
        u1_0.email,
        u1_0.last_logout_at,
        u1_0.login_blocked_until,
        u1_0.name,
        u1_0.password,
        u1_0.phone,
        u1_0.role,
        u1_0.roll_number,
        u1_0.semester,
        u1_0.updated_at 
    from
        users u1_0 
    where
        u1_0.email=?
Hibernate: 
    select
        u1_0.id,
        u1_0.branch,
        u1_0.created_at,
        u1_0.department,
        u1_0.device_id,
        u1_0.email,
        u1_0.last_logout_at,
        u1_0.login_blocked_until,
        u1_0.name,
        u1_0.password,
        u1_0.phone,
        u1_0.role,
        u1_0.roll_number,
        u1_0.semester,
        u1_0.updated_at 
    from
        users u1_0 
    where
        u1_0.email=?
Hibernate: 
    select
        count(a1_0.id) 
    from
        attendance a1_0 
    where
        a1_0.student_id=?
Hibernate: 
    select
        count(a1_0.id) 
    from
        attendance a1_0 
    where
        a1_0.student_id=? 
        and a1_0.status=?
Hibernate: 
    select
        count(a1_0.id) 
    from
        attendance a1_0 
    where
        a1_0.student_id=? 
        and a1_0.status=?
Hibernate: 
    select
        cs1_0.id,
        cs1_0.actual_ended_at,
        cs1_0.actual_started_at,
        cs1_0.branch,
        cs1_0.created_at,
        cs1_0.end_time,
        cs1_0.semester,
        cs1_0.start_time,
        cs1_0.status,
        cs1_0.subject_name,
        cs1_0.teacher_id 
    from
        class_sessions cs1_0 
    where
        cs1_0.branch=? 
        and cs1_0.semester=? 
        and cs1_0.status=? 
    order by
        cs1_0.actual_started_at desc 
    limit
        ?
Hibernate: 
    select
        u1_0.id,
        u1_0.branch,
        u1_0.created_at,
        u1_0.department,
        u1_0.device_id,
        u1_0.email,
        u1_0.last_logout_at,
        u1_0.login_blocked_until,
        u1_0.name,
        u1_0.password,
        u1_0.phone,
        u1_0.role,
        u1_0.roll_number,
        u1_0.semester,
        u1_0.updated_at 
    from
        users u1_0 
    where
        u1_0.email=?
Hibernate: 
    select
        u1_0.id,
        u1_0.branch,
        u1_0.created_at,
        u1_0.department,
        u1_0.device_id,
        u1_0.email,
        u1_0.last_logout_at,
        u1_0.login_blocked_until,
        u1_0.name,
        u1_0.password,
        u1_0.phone,
        u1_0.role,
        u1_0.roll_number,
        u1_0.semester,
        u1_0.updated_at 
    from
        users u1_0 
    where
        u1_0.email=?
Hibernate: 
    select
        count(a1_0.id) 
    from
        attendance a1_0 
    where
        a1_0.student_id=?
Hibernate: 
    select
        count(a1_0.id) 
    from
        attendance a1_0 
    where
        a1_0.student_id=? 
        and a1_0.status=?
Hibernate: 
    select
        count(a1_0.id) 
    from
        attendance a1_0 
    where
        a1_0.student_id=? 
        and a1_0.status=?
Hibernate: 
    select
        cs1_0.id,
        cs1_0.actual_ended_at,
        cs1_0.actual_started_at,
        cs1_0.branch,
        cs1_0.created_at,
        cs1_0.end_time,
        cs1_0.semester,
        cs1_0.start_time,
        cs1_0.status,
        cs1_0.subject_name,
        cs1_0.teacher_id 
    from
        class_sessions cs1_0 
    where
        cs1_0.branch=? 
        and cs1_0.semester=? 
        and cs1_0.status=? 
    order by
        cs1_0.actual_started_at desc 
    limit
        ?
Hibernate: 
    select
        u1_0.id,
        u1_0.branch,
        u1_0.created_at,
        u1_0.department,
        u1_0.device_id,
        u1_0.email,
        u1_0.last_logout_at,
        u1_0.login_blocked_until,
        u1_0.name,
        u1_0.password,
        u1_0.phone,
        u1_0.role,
        u1_0.roll_number,
        u1_0.semester,
        u1_0.updated_at 
    from
        users u1_0 
    where
        u1_0.email=?
Hibernate: 
    select
        u1_0.id,
        u1_0.branch,
        u1_0.created_at,
        u1_0.department,
        u1_0.device_id,
        u1_0.email,
        u1_0.last_logout_at,
        u1_0.login_blocked_until,
        u1_0.name,
        u1_0.password,
        u1_0.phone,
        u1_0.role,
        u1_0.roll_number,
        u1_0.semester,
        u1_0.updated_at 
    from
        users u1_0 
    where
        u1_0.email=?
Hibernate: 
    select
        ss1_0.id,
        ss1_0.attendance_alert_enabled,
        ss1_0.class_reminder_enabled,
        ss1_0.notifications_enabled,
        ss1_0.student_id,
        ss1_0.theme,
        ss1_0.timetable_alert_enabled 
    from
        student_settings ss1_0 
    where
        ss1_0.student_id=?
Hibernate: 
    select
        u1_0.id,
        u1_0.branch,
        u1_0.created_at,
        u1_0.department,
        u1_0.device_id,
        u1_0.email,
        u1_0.last_logout_at,
        u1_0.login_blocked_until,
        u1_0.name,
        u1_0.password,
        u1_0.phone,
        u1_0.role,
        u1_0.roll_number,
        u1_0.semester,
        u1_0.updated_at 
    from
        users u1_0 
    where
        u1_0.email=?
Hibernate: 
    select
        u1_0.id,
        u1_0.branch,
        u1_0.created_at,
        u1_0.department,
        u1_0.device_id,
        u1_0.email,
        u1_0.last_logout_at,
        u1_0.login_blocked_until,
        u1_0.name,
        u1_0.password,
        u1_0.phone,
        u1_0.role,
        u1_0.roll_number,
        u1_0.semester,
        u1_0.updated_at 
    from
        users u1_0 
    where
        u1_0.email=?
Hibernate: 
    select
        ss1_0.id,
        ss1_0.attendance_alert_enabled,
        ss1_0.class_reminder_enabled,
        ss1_0.notifications_enabled,
        ss1_0.student_id,
        ss1_0.theme,
        ss1_0.timetable_alert_enabled 
    from
        student_settings ss1_0 
    where
        ss1_0.student_id=?
Hibernate: 
    select
        u1_0.id,
        u1_0.branch,
        u1_0.created_at,
        u1_0.department,
        u1_0.device_id,
        u1_0.email,
        u1_0.last_logout_at,
        u1_0.login_blocked_until,
        u1_0.name,
        u1_0.password,
        u1_0.phone,
        u1_0.role,
        u1_0.roll_number,
        u1_0.semester,
        u1_0.updated_at 
    from
        users u1_0 
    where
        u1_0.email=?
Hibernate: 
    select
        u1_0.id,
        u1_0.branch,
        u1_0.created_at,
        u1_0.department,
        u1_0.device_id,
        u1_0.email,
        u1_0.last_logout_at,
        u1_0.login_blocked_until,
        u1_0.name,
        u1_0.password,
        u1_0.phone,
        u1_0.role,
        u1_0.roll_number,
        u1_0.semester,
        u1_0.updated_at 
    from
        users u1_0 
    where
        u1_0.email=?
Hibernate: 
    select
        u1_0.id,
        u1_0.branch,
        u1_0.created_at,
        u1_0.department,
        u1_0.device_id,
        u1_0.email,
        u1_0.last_logout_at,
        u1_0.login_blocked_until,
        u1_0.name,
        u1_0.password,
        u1_0.phone,
        u1_0.role,
        u1_0.roll_number,
        u1_0.semester,
        u1_0.updated_at 
    from
        users u1_0 
    where
        u1_0.email=?
Hibernate: 
    select
        u1_0.id,
        u1_0.branch,
        u1_0.created_at,
        u1_0.department,
        u1_0.device_id,
        u1_0.email,
        u1_0.last_logout_at,
        u1_0.login_blocked_until,
        u1_0.name,
        u1_0.password,
        u1_0.phone,
        u1_0.role,
        u1_0.roll_number,
        u1_0.semester,
        u1_0.updated_at 
    from
        users u1_0 
    where
        u1_0.email=?
Hibernate: 
    select
        u1_0.id,
        u1_0.branch,
        u1_0.created_at,
        u1_0.department,
        u1_0.device_id,
        u1_0.email,
        u1_0.last_logout_at,
        u1_0.login_blocked_until,
        u1_0.name,
        u1_0.password,
        u1_0.phone,
        u1_0.role,
        u1_0.roll_number,
        u1_0.semester,
        u1_0.updated_at 
    from
        users u1_0 
    where
        u1_0.email=?
Hibernate: 
    select
        u1_0.id,
        u1_0.branch,
        u1_0.created_at,
        u1_0.department,
        u1_0.device_id,
        u1_0.email,
        u1_0.last_logout_at,
        u1_0.login_blocked_until,
        u1_0.name,
        u1_0.password,
        u1_0.phone,
        u1_0.role,
        u1_0.roll_number,
        u1_0.semester,
        u1_0.updated_at 
    from
        users u1_0 
    where
        u1_0.email=?
Hibernate: 
    update
        users 
    set
        branch=?,
        department=?,
        device_id=?,
        email=?,
        last_logout_at=?,
        login_blocked_until=?,
        name=?,
        password=?,
        phone=?,
        role=?,
        roll_number=?,
        semester=?,
        updated_at=? 
    where
        id=?
Hibernate: 
    select
        u1_0.id,
        u1_0.branch,
        u1_0.created_at,
        u1_0.department,
        u1_0.device_id,
        u1_0.email,
        u1_0.last_logout_at,
        u1_0.login_blocked_until,
        u1_0.name,
        u1_0.password,
        u1_0.phone,
        u1_0.role,
        u1_0.roll_number,
        u1_0.semester,
        u1_0.updated_at 
    from
        users u1_0 
    where
        u1_0.email=?
Hibernate: 
    select
        u1_0.id,
        u1_0.branch,
        u1_0.created_at,
        u1_0.department,
        u1_0.device_id,
        u1_0.email,
        u1_0.last_logout_at,
        u1_0.login_blocked_until,
        u1_0.name,
        u1_0.password,
        u1_0.phone,
        u1_0.role,
        u1_0.roll_number,
        u1_0.semester,
        u1_0.updated_at 
    from
        users u1_0 
    where
        u1_0.email=?
Hibernate: 
    select
        t1_0.id,
        t1_0.branch,
        t1_0.day,
        t1_0.end_time,
        t1_0.semester,
        t1_0.start_time,
        t1_0.subject_id,
        t1_0.teacher_id 
    from
        timetables t1_0 
    where
        t1_0.branch=? 
        and t1_0.semester=? 
    order by
        t1_0.day,
        t1_0.start_time
Hibernate: 
    select
        s1_0.id,
        s1_0.branch,
        s1_0.semester,
        s1_0.subject_code,
        s1_0.subject_name 
    from
        subjects s1_0 
    where
        s1_0.id=?
Hibernate: 
    select
        u1_0.id,
        u1_0.branch,
        u1_0.created_at,
        u1_0.department,
        u1_0.device_id,
        u1_0.email,
        u1_0.last_logout_at,
        u1_0.login_blocked_until,
        u1_0.name,
        u1_0.password,
        u1_0.phone,
        u1_0.role,
        u1_0.roll_number,
        u1_0.semester,
        u1_0.updated_at 
    from
        users u1_0 
    where
        u1_0.id=?
Hibernate: 
    select
        u1_0.id,
        u1_0.branch,
        u1_0.created_at,
        u1_0.department,
        u1_0.device_id,
        u1_0.email,
        u1_0.last_logout_at,
        u1_0.login_blocked_until,
        u1_0.name,
        u1_0.password,
        u1_0.phone,
        u1_0.role,
        u1_0.roll_number,
        u1_0.semester,
        u1_0.updated_at 
    from
        users u1_0 
    where
        u1_0.email=?
Hibernate: 
    select
        u1_0.id,
        u1_0.branch,
        u1_0.created_at,
        u1_0.department,
        u1_0.device_id,
        u1_0.email,
        u1_0.last_logout_at,
        u1_0.login_blocked_until,
        u1_0.name,
        u1_0.password,
        u1_0.phone,
        u1_0.role,
        u1_0.roll_number,
        u1_0.semester,
        u1_0.updated_at 
    from
        users u1_0 
    where
        u1_0.email=?
Hibernate: 
    select
        t1_0.id,
        t1_0.branch,
        t1_0.day,
        t1_0.end_time,
        t1_0.semester,
        t1_0.start_time,
        t1_0.subject_id,
        t1_0.teacher_id 
    from
        timetables t1_0 
    where
        t1_0.branch=? 
        and t1_0.semester=? 
    order by
        t1_0.day,
        t1_0.start_time
Hibernate: 
    select
        s1_0.id,
        s1_0.branch,
        s1_0.semester,
        s1_0.subject_code,
        s1_0.subject_name 
    from
        subjects s1_0 
    where
        s1_0.id=?
Hibernate: 
    select
        u1_0.id,
        u1_0.branch,
        u1_0.created_at,
        u1_0.department,
        u1_0.device_id,
        u1_0.email,
        u1_0.last_logout_at,
        u1_0.login_blocked_until,
        u1_0.name,
        u1_0.password,
        u1_0.phone,
        u1_0.role,
        u1_0.roll_number,
        u1_0.semester,
        u1_0.updated_at 
    from
        users u1_0 
    where
        u1_0.id=?
Hibernate: 
    select
        u1_0.id,
        u1_0.branch,
        u1_0.created_at,
        u1_0.department,
        u1_0.device_id,
        u1_0.email,
        u1_0.last_logout_at,
        u1_0.login_blocked_until,
        u1_0.name,
        u1_0.password,
        u1_0.phone,
        u1_0.role,
        u1_0.roll_number,
        u1_0.semester,
        u1_0.updated_at 
    from
        users u1_0 
    where
        u1_0.email=?
Hibernate: 
    select
        u1_0.id,
        u1_0.branch,
        u1_0.created_at,
        u1_0.department,
        u1_0.device_id,
        u1_0.email,
        u1_0.last_logout_at,
        u1_0.login_blocked_until,
        u1_0.name,
        u1_0.password,
        u1_0.phone,
        u1_0.role,
        u1_0.roll_number,
        u1_0.semester,
        u1_0.updated_at 
    from
        users u1_0 
    where
        u1_0.email=?
Hibernate: 
    select
        u1_0.id,
        u1_0.branch,
        u1_0.created_at,
        u1_0.department,
        u1_0.device_id,
        u1_0.email,
        u1_0.last_logout_at,
        u1_0.login_blocked_until,
        u1_0.name,
        u1_0.password,
        u1_0.phone,
        u1_0.role,
        u1_0.roll_number,
        u1_0.semester,
        u1_0.updated_at 
    from
        users u1_0 
    where
        u1_0.email=?
Hibernate: 
    select
        u1_0.id,
        u1_0.branch,
        u1_0.created_at,
        u1_0.department,
        u1_0.device_id,
        u1_0.email,
        u1_0.last_logout_at,
        u1_0.login_blocked_until,
        u1_0.name,
        u1_0.password,
        u1_0.phone,
        u1_0.role,
        u1_0.roll_number,
        u1_0.semester,
        u1_0.updated_at 
    from
        users u1_0
Hibernate: 
    select
        s1_0.id,
        s1_0.branch,
        s1_0.semester,
        s1_0.subject_code,
        s1_0.subject_name 
    from
        subjects s1_0
Hibernate: 
    select
        t1_0.id,
        t1_0.branch,
        t1_0.day,
        t1_0.end_time,
        t1_0.semester,
        t1_0.start_time,
        t1_0.subject_id,
        t1_0.teacher_id 
    from
        timetables t1_0
Hibernate: 
    select
        a1_0.id,
        a1_0.attendance_time,
        a1_0.geo_verified,
        a1_0.status,
        a1_0.student_id,
        a1_0.subject 
    from
        attendance a1_0
Hibernate: 
    select
        cs1_0.id,
        cs1_0.actual_ended_at,
        cs1_0.actual_started_at,
        cs1_0.branch,
        cs1_0.created_at,
        cs1_0.end_time,
        cs1_0.semester,
        cs1_0.start_time,
        cs1_0.status,
        cs1_0.subject_name,
        cs1_0.teacher_id 
    from
        class_sessions cs1_0
Hibernate: 
    select
        count(*) 
    from
        users u1_0
Hibernate: 
    select
        u1_0.id,
        u1_0.branch,
        u1_0.created_at,
        u1_0.department,
        u1_0.device_id,
        u1_0.email,
        u1_0.last_logout_at,
        u1_0.login_blocked_until,
        u1_0.name,
        u1_0.password,
        u1_0.phone,
        u1_0.role,
        u1_0.roll_number,
        u1_0.semester,
        u1_0.updated_at 
    from
        users u1_0
Hibernate: 
    select
        u1_0.id,
        u1_0.branch,
        u1_0.created_at,
        u1_0.department,
        u1_0.device_id,
        u1_0.email,
        u1_0.last_logout_at,
        u1_0.login_blocked_until,
        u1_0.name,
        u1_0.password,
        u1_0.phone,
        u1_0.role,
        u1_0.roll_number,
        u1_0.semester,
        u1_0.updated_at 
    from
        users u1_0
Hibernate: 
    select
        count(*) 
    from
        subjects s1_0
Hibernate: 
    select
        count(*) 
    from
        attendance a1_0
Hibernate: 
    select
        count(*) 
    from
        class_sessions cs1_0
Hibernate: 
    select
        u1_0.id,
        u1_0.branch,
        u1_0.created_at,
        u1_0.department,
        u1_0.device_id,
        u1_0.email,
        u1_0.last_logout_at,
        u1_0.login_blocked_until,
        u1_0.name,
        u1_0.password,
        u1_0.phone,
        u1_0.role,
        u1_0.roll_number,
        u1_0.semester,
        u1_0.updated_at 
    from
        users u1_0 
    where
        u1_0.email=?
Hibernate: 
    select
        u1_0.id,
        u1_0.branch,
        u1_0.created_at,
        u1_0.department,
        u1_0.device_id,
        u1_0.email,
        u1_0.last_logout_at,
        u1_0.login_blocked_until,
        u1_0.name,
        u1_0.password,
        u1_0.phone,
        u1_0.role,
        u1_0.roll_number,
        u1_0.semester,
        u1_0.updated_at 
    from
        users u1_0
Hibernate: 
    select
        s1_0.id,
        s1_0.branch,
        s1_0.semester,
        s1_0.subject_code,
        s1_0.subject_name 
    from
        subjects s1_0
Hibernate: 
    select
        t1_0.id,
        t1_0.branch,
        t1_0.day,
        t1_0.end_time,
        t1_0.semester,
        t1_0.start_time,
        t1_0.subject_id,
        t1_0.teacher_id 
    from
        timetables t1_0
Hibernate: 
    select
        a1_0.id,
        a1_0.attendance_time,
        a1_0.geo_verified,
        a1_0.status,
        a1_0.student_id,
        a1_0.subject 
    from
        attendance a1_0
Hibernate: 
    select
        cs1_0.id,
        cs1_0.actual_ended_at,
        cs1_0.actual_started_at,
        cs1_0.branch,
        cs1_0.created_at,
        cs1_0.end_time,
        cs1_0.semester,
        cs1_0.start_time,
        cs1_0.status,
        cs1_0.subject_name,
        cs1_0.teacher_id 
    from
        class_sessions cs1_0
Hibernate: 
    select
        count(*) 
    from
        users u1_0
Hibernate: 
    select
        u1_0.id,
        u1_0.branch,
        u1_0.created_at,
        u1_0.department,
        u1_0.device_id,
        u1_0.email,
        u1_0.last_logout_at,
        u1_0.login_blocked_until,
        u1_0.name,
        u1_0.password,
        u1_0.phone,
        u1_0.role,
        u1_0.roll_number,
        u1_0.semester,
        u1_0.updated_at 
    from
        users u1_0
Hibernate: 
    select
        u1_0.id,
        u1_0.branch,
        u1_0.created_at,
        u1_0.department,
        u1_0.device_id,
        u1_0.email,
        u1_0.last_logout_at,
        u1_0.login_blocked_until,
        u1_0.name,
        u1_0.password,
        u1_0.phone,
        u1_0.role,
        u1_0.roll_number,
        u1_0.semester,
        u1_0.updated_at 
    from
        users u1_0
Hibernate: 
    select
        count(*) 
    from
        subjects s1_0
Hibernate: 
    select
        count(*) 
    from
        attendance a1_0
Hibernate: 
    select
        count(*) 
    from
        class_sessions cs1_0
Hibernate: 
    select
        u1_0.id,
        u1_0.branch,
        u1_0.created_at,
        u1_0.department,
        u1_0.device_id,
        u1_0.email,
        u1_0.last_logout_at,
        u1_0.login_blocked_until,
        u1_0.name,
        u1_0.password,
        u1_0.phone,
        u1_0.role,
        u1_0.roll_number,
        u1_0.semester,
        u1_0.updated_at 
    from
        users u1_0 
    where
        u1_0.email=?
Hibernate: 
    select
        t1_0.id,
        t1_0.branch,
        t1_0.day,
        t1_0.end_time,
        t1_0.semester,
        t1_0.start_time,
        t1_0.subject_id,
        t1_0.teacher_id 
    from
        timetables t1_0 
    where
        t1_0.id=?
Hibernate: 
    delete 
    from
        timetables 
    where
        id=?
Hibernate: 
    select
        u1_0.id,
        u1_0.branch,
        u1_0.created_at,
        u1_0.department,
        u1_0.device_id,
        u1_0.email,
        u1_0.last_logout_at,
        u1_0.login_blocked_until,
        u1_0.name,
        u1_0.password,
        u1_0.phone,
        u1_0.role,
        u1_0.roll_number,
        u1_0.semester,
        u1_0.updated_at 
    from
        users u1_0 
    where
        u1_0.email=?
Hibernate: 
    select
        u1_0.id,
        u1_0.branch,
        u1_0.created_at,
        u1_0.department,
        u1_0.device_id,
        u1_0.email,
        u1_0.last_logout_at,
        u1_0.login_blocked_until,
        u1_0.name,
        u1_0.password,
        u1_0.phone,
        u1_0.role,
        u1_0.roll_number,
        u1_0.semester,
        u1_0.updated_at 
    from
        users u1_0
Hibernate: 
    select
        s1_0.id,
        s1_0.branch,
        s1_0.semester,
        s1_0.subject_code,
        s1_0.subject_name 
    from
        subjects s1_0
Hibernate: 
    select
        t1_0.id,
        t1_0.branch,
        t1_0.day,
        t1_0.end_time,
        t1_0.semester,
        t1_0.start_time,
        t1_0.subject_id,
        t1_0.teacher_id 
    from
        timetables t1_0
Hibernate: 
    select
        a1_0.id,
        a1_0.attendance_time,
        a1_0.geo_verified,
        a1_0.status,
        a1_0.student_id,
        a1_0.subject 
    from
        attendance a1_0
Hibernate: 
    select
        cs1_0.id,
        cs1_0.actual_ended_at,
        cs1_0.actual_started_at,
        cs1_0.branch,
        cs1_0.created_at,
        cs1_0.end_time,
        cs1_0.semester,
        cs1_0.start_time,
        cs1_0.status,
        cs1_0.subject_name,
        cs1_0.teacher_id 
    from
        class_sessions cs1_0
Hibernate: 
    select
        count(*) 
    from
        users u1_0
Hibernate: 
    select
        u1_0.id,
        u1_0.branch,
        u1_0.created_at,
        u1_0.department,
        u1_0.device_id,
        u1_0.email,
        u1_0.last_logout_at,
        u1_0.login_blocked_until,
        u1_0.name,
        u1_0.password,
        u1_0.phone,
        u1_0.role,
        u1_0.roll_number,
        u1_0.semester,
        u1_0.updated_at 
    from
        users u1_0
Hibernate: 
    select
        u1_0.id,
        u1_0.branch,
        u1_0.created_at,
        u1_0.department,
        u1_0.device_id,
        u1_0.email,
        u1_0.last_logout_at,
        u1_0.login_blocked_until,
        u1_0.name,
        u1_0.password,
        u1_0.phone,
        u1_0.role,
        u1_0.roll_number,
        u1_0.semester,
        u1_0.updated_at 
    from
        users u1_0
Hibernate: 
    select
        count(*) 
    from
        subjects s1_0
Hibernate: 
    select
        count(*) 
    from
        attendance a1_0
Hibernate: 
    select
        count(*) 
    from
        class_sessions cs1_0
Hibernate: 
    select
        u1_0.id,
        u1_0.branch,
        u1_0.created_at,
        u1_0.department,
        u1_0.device_id,
        u1_0.email,
        u1_0.last_logout_at,
        u1_0.login_blocked_until,
        u1_0.name,
        u1_0.password,
        u1_0.phone,
        u1_0.role,
        u1_0.roll_number,
        u1_0.semester,
        u1_0.updated_at 
    from
        users u1_0 
    where
        u1_0.email=?
Hibernate: 
    select
        t1_0.id,
        t1_0.branch,
        t1_0.day,
        t1_0.end_time,
        t1_0.semester,
        t1_0.start_time,
        t1_0.subject_id,
        t1_0.teacher_id 
    from
        timetables t1_0 
    where
        t1_0.id=?
Hibernate: 
    delete 
    from
        timetables 
    where
        id=?
Hibernate: 
    select
        u1_0.id,
        u1_0.branch,
        u1_0.created_at,
        u1_0.department,
        u1_0.device_id,
        u1_0.email,
        u1_0.last_logout_at,
        u1_0.login_blocked_until,
        u1_0.name,
        u1_0.password,
        u1_0.phone,
        u1_0.role,
        u1_0.roll_number,
        u1_0.semester,
        u1_0.updated_at 
    from
        users u1_0 
    where
        u1_0.email=?
Hibernate: 
    select
        u1_0.id,
        u1_0.branch,
        u1_0.created_at,
        u1_0.department,
        u1_0.device_id,
        u1_0.email,
        u1_0.last_logout_at,
        u1_0.login_blocked_until,
        u1_0.name,
        u1_0.password,
        u1_0.phone,
        u1_0.role,
        u1_0.roll_number,
        u1_0.semester,
        u1_0.updated_at 
    from
        users u1_0
Hibernate: 
    select
        s1_0.id,
        s1_0.branch,
        s1_0.semester,
        s1_0.subject_code,
        s1_0.subject_name 
    from
        subjects s1_0
Hibernate: 
    select
        t1_0.id,
        t1_0.branch,
        t1_0.day,
        t1_0.end_time,
        t1_0.semester,
        t1_0.start_time,
        t1_0.subject_id,
        t1_0.teacher_id 
    from
        timetables t1_0
Hibernate: 
    select
        a1_0.id,
        a1_0.attendance_time,
        a1_0.geo_verified,
        a1_0.status,
        a1_0.student_id,
        a1_0.subject 
    from
        attendance a1_0
Hibernate: 
    select
        cs1_0.id,
        cs1_0.actual_ended_at,
        cs1_0.actual_started_at,
        cs1_0.branch,
        cs1_0.created_at,
        cs1_0.end_time,
        cs1_0.semester,
        cs1_0.start_time,
        cs1_0.status,
        cs1_0.subject_name,
        cs1_0.teacher_id 
    from
        class_sessions cs1_0
Hibernate: 
    select
        count(*) 
    from
        users u1_0
Hibernate: 
    select
        u1_0.id,
        u1_0.branch,
        u1_0.created_at,
        u1_0.department,
        u1_0.device_id,
        u1_0.email,
        u1_0.last_logout_at,
        u1_0.login_blocked_until,
        u1_0.name,
        u1_0.password,
        u1_0.phone,
        u1_0.role,
        u1_0.roll_number,
        u1_0.semester,
        u1_0.updated_at 
    from
        users u1_0
Hibernate: 
    select
        u1_0.id,
        u1_0.branch,
        u1_0.created_at,
        u1_0.department,
        u1_0.device_id,
        u1_0.email,
        u1_0.last_logout_at,
        u1_0.login_blocked_until,
        u1_0.name,
        u1_0.password,
        u1_0.phone,
        u1_0.role,
        u1_0.roll_number,
        u1_0.semester,
        u1_0.updated_at 
    from
        users u1_0
Hibernate: 
    select
        count(*) 
    from
        subjects s1_0
Hibernate: 
    select
        count(*) 
    from
        attendance a1_0
Hibernate: 
    select
        count(*) 
    from
        class_sessions cs1_0
Hibernate: 
    select
        u1_0.id,
        u1_0.branch,
        u1_0.created_at,
        u1_0.department,
        u1_0.device_id,
        u1_0.email,
        u1_0.last_logout_at,
        u1_0.login_blocked_until,
        u1_0.name,
        u1_0.password,
        u1_0.phone,
        u1_0.role,
        u1_0.roll_number,
        u1_0.semester,
        u1_0.updated_at 
    from
        users u1_0 
    where
        u1_0.email=?
Hibernate: 
    select
        t1_0.id,
        t1_0.branch,
        t1_0.day,
        t1_0.end_time,
        t1_0.semester,
        t1_0.start_time,
        t1_0.subject_id,
        t1_0.teacher_id 
    from
        timetables t1_0 
    where
        t1_0.id=?
Hibernate: 
    delete 
    from
        timetables 
    where
        id=?
Hibernate: 
    select
        u1_0.id,
        u1_0.branch,
        u1_0.created_at,
        u1_0.department,
        u1_0.device_id,
        u1_0.email,
        u1_0.last_logout_at,
        u1_0.login_blocked_until,
        u1_0.name,
        u1_0.password,
        u1_0.phone,
        u1_0.role,
        u1_0.roll_number,
        u1_0.semester,
        u1_0.updated_at 
    from
        users u1_0 
    where
        u1_0.email=?
Hibernate: 
    select
        u1_0.id,
        u1_0.branch,
        u1_0.created_at,
        u1_0.department,
        u1_0.device_id,
        u1_0.email,
        u1_0.last_logout_at,
        u1_0.login_blocked_until,
        u1_0.name,
        u1_0.password,
        u1_0.phone,
        u1_0.role,
        u1_0.roll_number,
        u1_0.semester,
        u1_0.updated_at 
    from
        users u1_0
Hibernate: 
    select
        s1_0.id,
        s1_0.branch,
        s1_0.semester,
        s1_0.subject_code,
        s1_0.subject_name 
    from
        subjects s1_0
Hibernate: 
    select
        t1_0.id,
        t1_0.branch,
        t1_0.day,
        t1_0.end_time,
        t1_0.semester,
        t1_0.start_time,
        t1_0.subject_id,
        t1_0.teacher_id 
    from
        timetables t1_0
Hibernate: 
    select
        a1_0.id,
        a1_0.attendance_time,
        a1_0.geo_verified,
        a1_0.status,
        a1_0.student_id,
        a1_0.subject 
    from
        attendance a1_0
Hibernate: 
    select
        cs1_0.id,
        cs1_0.actual_ended_at,
        cs1_0.actual_started_at,
        cs1_0.branch,
        cs1_0.created_at,
        cs1_0.end_time,
        cs1_0.semester,
        cs1_0.start_time,
        cs1_0.status,
        cs1_0.subject_name,
        cs1_0.teacher_id 
    from
        class_sessions cs1_0
Hibernate: 
    select
        count(*) 
    from
        users u1_0
Hibernate: 
    select
        u1_0.id,
        u1_0.branch,
        u1_0.created_at,
        u1_0.department,
        u1_0.device_id,
        u1_0.email,
        u1_0.last_logout_at,
        u1_0.login_blocked_until,
        u1_0.name,
        u1_0.password,
        u1_0.phone,
        u1_0.role,
        u1_0.roll_number,
        u1_0.semester,
        u1_0.updated_at 
    from
        users u1_0
Hibernate: 
    select
        u1_0.id,
        u1_0.branch,
        u1_0.created_at,
        u1_0.department,
        u1_0.device_id,
        u1_0.email,
        u1_0.last_logout_at,
        u1_0.login_blocked_until,
        u1_0.name,
        u1_0.password,
        u1_0.phone,
        u1_0.role,
        u1_0.roll_number,
        u1_0.semester,
        u1_0.updated_at 
    from
        users u1_0
Hibernate: 
    select
        count(*) 
    from
        subjects s1_0
Hibernate: 
    select
        count(*) 
    from
        attendance a1_0
Hibernate: 
    select
        count(*) 
    from
        class_sessions cs1_0
Hibernate: 
    select
        u1_0.id,
        u1_0.branch,
        u1_0.created_at,
        u1_0.department,
        u1_0.device_id,
        u1_0.email,
        u1_0.last_logout_at,
        u1_0.login_blocked_until,
        u1_0.name,
        u1_0.password,
        u1_0.phone,
        u1_0.role,
        u1_0.roll_number,
        u1_0.semester,
        u1_0.updated_at 
    from
        users u1_0 
    where
        u1_0.email=?
Hibernate: 
    select
        t1_0.id,
        t1_0.branch,
        t1_0.day,
        t1_0.end_time,
        t1_0.semester,
        t1_0.start_time,
        t1_0.subject_id,
        t1_0.teacher_id 
    from
        timetables t1_0 
    where
        t1_0.id=?
Hibernate: 
    delete 
    from
        timetables 
    where
        id=?
Hibernate: 
    select
        u1_0.id,
        u1_0.branch,
        u1_0.created_at,
        u1_0.department,
        u1_0.device_id,
        u1_0.email,
        u1_0.last_logout_at,
        u1_0.login_blocked_until,
        u1_0.name,
        u1_0.password,
        u1_0.phone,
        u1_0.role,
        u1_0.roll_number,
        u1_0.semester,
        u1_0.updated_at 
    from
        users u1_0 
    where
        u1_0.email=?
Hibernate: 
    select
        u1_0.id,
        u1_0.branch,
        u1_0.created_at,
        u1_0.department,
        u1_0.device_id,
        u1_0.email,
        u1_0.last_logout_at,
        u1_0.login_blocked_until,
        u1_0.name,
        u1_0.password,
        u1_0.phone,
        u1_0.role,
        u1_0.roll_number,
        u1_0.semester,
        u1_0.updated_at 
    from
        users u1_0
Hibernate: 
    select
        s1_0.id,
        s1_0.branch,
        s1_0.semester,
        s1_0.subject_code,
        s1_0.subject_name 
    from
        subjects s1_0
Hibernate: 
    select
        t1_0.id,
        t1_0.branch,
        t1_0.day,
        t1_0.end_time,
        t1_0.semester,
        t1_0.start_time,
        t1_0.subject_id,
        t1_0.teacher_id 
    from
        timetables t1_0
Hibernate: 
    select
        a1_0.id,
        a1_0.attendance_time,
        a1_0.geo_verified,
        a1_0.status,
        a1_0.student_id,
        a1_0.subject 
    from
        attendance a1_0
Hibernate: 
    select
        cs1_0.id,
        cs1_0.actual_ended_at,
        cs1_0.actual_started_at,
        cs1_0.branch,
        cs1_0.created_at,
        cs1_0.end_time,
        cs1_0.semester,
        cs1_0.start_time,
        cs1_0.status,
        cs1_0.subject_name,
        cs1_0.teacher_id 
    from
        class_sessions cs1_0
Hibernate: 
    select
        count(*) 
    from
        users u1_0
Hibernate: 
    select
        u1_0.id,
        u1_0.branch,
        u1_0.created_at,
        u1_0.department,
        u1_0.device_id,
        u1_0.email,
        u1_0.last_logout_at,
        u1_0.login_blocked_until,
        u1_0.name,
        u1_0.password,
        u1_0.phone,
        u1_0.role,
        u1_0.roll_number,
        u1_0.semester,
        u1_0.updated_at 
    from
        users u1_0
Hibernate: 
    select
        u1_0.id,
        u1_0.branch,
        u1_0.created_at,
        u1_0.department,
        u1_0.device_id,
        u1_0.email,
        u1_0.last_logout_at,
        u1_0.login_blocked_until,
        u1_0.name,
        u1_0.password,
        u1_0.phone,
        u1_0.role,
        u1_0.roll_number,
        u1_0.semester,
        u1_0.updated_at 
    from
        users u1_0
Hibernate: 
    select
        count(*) 
    from
        subjects s1_0
Hibernate: 
    select
        count(*) 
    from
        attendance a1_0
Hibernate: 
    select
        count(*) 
    from
        class_sessions cs1_0
Hibernate: 
    select
        u1_0.id,
        u1_0.branch,
        u1_0.created_at,
        u1_0.department,
        u1_0.device_id,
        u1_0.email,
        u1_0.last_logout_at,
        u1_0.login_blocked_until,
        u1_0.name,
        u1_0.password,
        u1_0.phone,
        u1_0.role,
        u1_0.roll_number,
        u1_0.semester,
        u1_0.updated_at 
    from
        users u1_0 
    where
        u1_0.email=?
Hibernate: 
    select
        t1_0.id,
        t1_0.branch,
        t1_0.day,
        t1_0.end_time,
        t1_0.semester,
        t1_0.start_time,
        t1_0.subject_id,
        t1_0.teacher_id 
    from
        timetables t1_0 
    where
        t1_0.id=?
Hibernate: 
    delete 
    from
        timetables 
    where
        id=?
Hibernate: 
    select
        u1_0.id,
        u1_0.branch,
        u1_0.created_at,
        u1_0.department,
        u1_0.device_id,
        u1_0.email,
        u1_0.last_logout_at,
        u1_0.login_blocked_until,
        u1_0.name,
        u1_0.password,
        u1_0.phone,
        u1_0.role,
        u1_0.roll_number,
        u1_0.semester,
        u1_0.updated_at 
    from
        users u1_0 
    where
        u1_0.email=?
Hibernate: 
    select
        u1_0.id,
        u1_0.branch,
        u1_0.created_at,
        u1_0.department,
        u1_0.device_id,
        u1_0.email,
        u1_0.last_logout_at,
        u1_0.login_blocked_until,
        u1_0.name,
        u1_0.password,
        u1_0.phone,
        u1_0.role,
        u1_0.roll_number,
        u1_0.semester,
        u1_0.updated_at 
    from
        users u1_0
Hibernate: 
    select
        s1_0.id,
        s1_0.branch,
        s1_0.semester,
        s1_0.subject_code,
        s1_0.subject_name 
    from
        subjects s1_0
Hibernate: 
    select
        t1_0.id,
        t1_0.branch,
        t1_0.day,
        t1_0.end_time,
        t1_0.semester,
        t1_0.start_time,
        t1_0.subject_id,
        t1_0.teacher_id 
    from
        timetables t1_0
Hibernate: 
    select
        a1_0.id,
        a1_0.attendance_time,
        a1_0.geo_verified,
        a1_0.status,
        a1_0.student_id,
        a1_0.subject 
    from
        attendance a1_0
Hibernate: 
    select
        cs1_0.id,
        cs1_0.actual_ended_at,
        cs1_0.actual_started_at,
        cs1_0.branch,
        cs1_0.created_at,
        cs1_0.end_time,
        cs1_0.semester,
        cs1_0.start_time,
        cs1_0.status,
        cs1_0.subject_name,
        cs1_0.teacher_id 
    from
        class_sessions cs1_0
Hibernate: 
    select
        count(*) 
    from
        users u1_0
Hibernate: 
    select
        u1_0.id,
        u1_0.branch,
        u1_0.created_at,
        u1_0.department,
        u1_0.device_id,
        u1_0.email,
        u1_0.last_logout_at,
        u1_0.login_blocked_until,
        u1_0.name,
        u1_0.password,
        u1_0.phone,
        u1_0.role,
        u1_0.roll_number,
        u1_0.semester,
        u1_0.updated_at 
    from
        users u1_0
Hibernate: 
    select
        u1_0.id,
        u1_0.branch,
        u1_0.created_at,
        u1_0.department,
        u1_0.device_id,
        u1_0.email,
        u1_0.last_logout_at,
        u1_0.login_blocked_until,
        u1_0.name,
        u1_0.password,
        u1_0.phone,
        u1_0.role,
        u1_0.roll_number,
        u1_0.semester,
        u1_0.updated_at 
    from
        users u1_0
Hibernate: 
    select
        count(*) 
    from
        subjects s1_0
Hibernate: 
    select
        count(*) 
    from
        attendance a1_0
Hibernate: 
    select
        count(*) 
    from
        class_sessions cs1_0
